year,UniqueID_dim,Planting_Location,plot_id,source_prairie,species,rep,row,column,directionheading,height_JUL,death_JUL,no_bolting_JUL,grwth_stg_JUL,vigor_JUL,stem_dia_mm_JUL,num_stems_JUL,max_lig_JUL,disc_dia_JUL,pssev_JUL,PSLERES_JUL,STEMPS_JUL,CLV_JUL,notes_JUL,random_num,plant_death,lf_lgth_AU,lf_width_AUG,lf_thcknss_AUG,maxlig_AUG,disc_dia_AUG,num_flwrs_single_stlk_AUG,herb_other_AUG,Floral_herb_AUG,GALLWASP_AUG,leaf_herb_AUG,pssev_AUG,PSLERES_AUG,STEMPS_AUG,lf_blotch_AUG,dis_other_AUG,Notes_AUG
2020,dimST1,west,C2_SIL,C2,SIL,1,1,1,N,140,0,9,3.7,7,4.4,11,,,0,0,0,1,,3,,9,5,0.865,17,5.65,18,,10,0,5,0,0,0,0.5,,
2020,dimST2,west,C2_SIL,C2,SIL,1,1,1,N,,,,,,4.2,6,,,1,2,2,1,,5,,10.5,6,0.825,22,6.15,16,,10,0,30,0.5,2,0.5,0,,
2020,dimST3,west,C2_SIL,C2,SIL,1,1,1,N,,,,,,3.5,9,,,0.5,2,1,0,,8,,10.5,5.5,0.845,15,5.65,21,apical meristem abortion,10,0,30,0.5,2,0.5,0,,
2020,dimST4,west,E3_SIL,E3,SIL,1,4,1,N,125,0,9,4.1,7,3.6,13,14,8.25,0.5,3,1,0,,3,,9.5,5,0.96,,,25,,5,0,10,1,0.5,2,1,,
2020,dimST5,west,E3_SIL,E3,SIL,1,4,1,N,,,,,,3.35,13,14,8.1,2,2,2,2,,7,,7,3.5,0.89,,,20,,0,0,5,1,2,5,0,,
2020,dimST6,west,E3_SIL,E3,SIL,1,4,1,N,,,,,,2.8,13,,,0.1,2,0.5,4,,9,,7.5,3.5,0.883,15,5.55,15,,5,0,10,0.1,2,0.5,0,,
2020,dimST7,west,W1_SIL,W1,SIL,1,5,1,N,120,0,8,6.7,5,2.7,16,29,7.95,5,3,5,1,,1,,9,5,0.924,,,3,,50,0,30,5,3,5,0,,
2020,dimST8,west,W1_SIL,W1,SIL,1,5,1,N,,,,,,3.2,12,34,8.4,2,3,5,8,,2,,11,4,0.878,,,4,,30,20,40,2,2,2,0.1,,
2020,dimST9,west,W1_SIL,W1,SIL,1,5,1,N,,,,,,2.75,8,24,7.5,10,3,5,8,,6,,7,4,0.915,,,4,,80,0,30,5,3,0.5,1,,
2020,dimST10,west,W4_SIL,W4,SIL,1,7,1,N,125,1,8,5.5,5,2.95,7,,,20,4,10,8,,2,,12,3.5,0.71,,5.8,1,,20,20,50,20,3,5,0,,
2020,dimST11,west,W4_SIL,W4,SIL,1,7,1,N,,,,,,3.5,9,35,11.3,5,3,5,6,,5,,10.5,4.5,0.841,,,8,,20,10,20,1,2,2,0,,
2020,dimST12,west,W4_SIL,W4,SIL,1,7,1,N,,,,,,3.3,7,28,7.2,5,3,0.5,3,,8,,9,4,0.705,,,3,AMA,60,30,60,1,2,2,0,,
2020,dimST13,west,W3_SIL,W3,SIL,1,8,1,N,115,0,9,6,6,2.55,9,24,8.4,2,2,5,9,,3,,8.5,3,0.82,,,3,,10,0,30,0.5,2,5,0,,
2020,dimST14,west,W3_SIL,W3,SIL,1,8,1,N,,,,,,2.25,11,33,7,1,3,5,8,,4,,8,2,0.852,,,1,,20,0,50,1,2,5,0,,
2020,dimST15,west,W3_SIL,W3,SIL,1,8,1,N,,,,,,3.1,13,30,8.2,2,2,5,9,,6,,10,3.5,0.815,,,9,,30,10,60,1,2,2,0.1,,
2020,dimST16,west,W2_SIL,W2,SIL,1,12,1,N,115,0,9,5.7,4,2.7,6,36,8.5,2,3,1,8,,5,,7,4,0.934,,,1,,10,0,30,1,2,0.5,0.5,,
2020,dimST17,west,W2_SIL,W2,SIL,1,12,1,N,,,,,,2.3,8,30,6.55,0.5,3,1,8,,7,,,,,,,4,,5,10,20,0.1,2,1,10,,
2020,dimST18,west,W2_SIL,W2,SIL,1,12,1,N,,,,,,2.8,9,30,7.7,1,3,5,8,,8,,10,3.5,0.919,,,3,AMA,30,0,10,0.5,2,5,20,,
2020,dimST19,west,E4_SIL,E4,SIL,1,11,2,S,110,0,9,3.7,7,2.45,21,,,0.5,2,5,5,,2,,9,3.5,0.953,15,4.8,7,,5,0,20,1,0.1,5,0,,
2020,dimST20,west,E4_SIL,E4,SIL,1,11,2,S,,,,,,2.45,15,,,0.5,3,2,1,,4,,9.5,6,0.947,12,5.1,42,,10,0,10,1,2,0.5,0,,
2020,dimST21,west,E4_SIL,E4,SIL,1,11,2,S,,,,,,2.85,15,,,5,3,10,2,,6,,8,4,0.817,15,6.2,14,,0,0,20,1,3,15,0,,
2020,dimST22,west,C3_SIL,C3,SIL,1,10,2,S,125,0,9,3.7,8,3.25,9,,,0.5,3,5,5,,2,,12,6,0.932,25,5.3,22,,10,0,20,1,2,5,0,,
2020,dimST23,west,C3_SIL,C3,SIL,1,10,2,S,,,,,,2.9,4,,,0.01,1,0.5,3,,4,,7,5,0.808,,,0,,NA,0,80,0,0,2,0,,
2020,dimST24,west,C3_SIL,C3,SIL,1,10,2,S,,,,,,2.25,11,,,0.5,2,5,2,,7,,11.5,5.5,0.941,21,5,27,,20,0,20,0.1,2,15,10,,
2020,dimST25,west,C1_SIL,C1,SIL,1,1,3,N,125,0,9,6.5,6,3.1,12,27,8.6,2,3,10,5,,1,,8.5,5,0.921,,,7,,0,20,10,1,2,10,0,,
2020,dimST26,west,C1_SIL,C1,SIL,1,1,3,N,,,,,,2.8,15,32,9.25,5,2,2,5,,2,,6.5,4,0.889,,,7,,10,20,20,1,2,1,0,,
2020,dimST27,west,C1_SIL,C1,SIL,1,1,3,N,,,,,,2.95,15,29,9.15,1,2,2,6,,8,,8.5,3.5,0.784,,,5,,5,5,20,1,2,2,0,,
2020,dimST28,west,C4_SIL,C4,SIL,1,9,3,N,125,0,9,5.5,7,3.25,10,20,6.3,1,2,20,3,,3,,12.5,5,0.955,,,25,,5,30,30,0.5,2,20,0,,no lower leaves
2020,dimST29,west,C4_SIL,C4,SIL,1,9,3,N,,,,,,3.1,13,24,7.85,10,2,20,3,,4,,7.5,5,0.968,,,22,ama,5,0,40,0.5,2,30,0,,
2020,dimST30,west,C4_SIL,C4,SIL,1,9,3,N,,,,,,3.95,12,18,6.65,2,3,5,1,,8,,14,8,0.89,,,24,,10,0,30,0.5,2,2,0,,
2020,dimST31,west,E2_SIL,E2,SIL,1,10,3,N,120,0,9,4.5,8,3,12,,,1,2,1,1,,2,,10,4.5,0.673,15,5.6,19,,0,0,10,0.5,2,2,0.01,,
2020,dimST32,west,E2_SIL,E2,SIL,1,10,3,N,,,,,,3.5,15,,,0,0,0.5,2,,5,,6.5,3.5,0.751,14,5.3,13,,0,0,10,0,0,0,0,,
2020,dimST33,west,E2_SIL,E2,SIL,1,10,3,N,,,,,,3.25,14,,,0,0,0,4,,9,,9,5,0.878,22,6.05,31,,0,0,5,0,0,0,0,,
2020,dimST34,west,E1_SIL,E1,SIL,1,11,3,N,110,0,9,4.6,7,2.95,23,,,0,0,0,2,,3,,10,4,0.797,15,5.3,21,,5,0,30,0,0,0,0.01,,
2020,dimST35,west,E1_SIL,E1,SIL,1,11,3,N,,,,,,3.3,11,,,0,0,0,1,,7,,10.5,5.5,0.797,15,5.95,11,,0,0,10,0,0,0,0,,
2020,dimST36,west,E1_SIL,E1,SIL,1,11,3,N,,,,,,3.95,7,20,7.2,0.1,2,0.5,4,,8,,8,4,0.774,,,30,ama,0,0,5,0,0,0,0.01,,
2020,dimST37,west,E3_SIL,E3,SIL,2,11,4,N,115,0,9,4.9,6,2.25,9,,,0,0,0,5,,3,,8.5,3.5,0.961,13,5.9,38,,5,0,10,0,0,0,0,,
2020,dimST38,west,E3_SIL,E3,SIL,2,11,4,N,,,,,,1.2,5,15,,0.1,2,0,4,,5,,7.5,3.5,0.762,15,4.65,4,,0,0,60,0,0,0,0,,
2020,dimST39,west,E3_SIL,E3,SIL,2,11,4,N,,,,,,0.65,14,12,6.25,0.1,2,0.1,3,,7,,8,3,0.852,,,23,,5,0,10,0,0,0,0,,
2020,dimST40,west,W3_SIL,W3,SIL,2,10,5,S,115,0,9,6.5,4,1.85,14,29,6.6,1,2,10,5,,2,,9,3.5,0.867,,,3,,20,0,30,1,2,2,0.5,,
2020,dimST41,west,W3_SIL,W3,SIL,2,10,5,S,,,,,,1.6,8,21,4.6,5,2,5,8,,3,,8,3,0.861,,,4,,40,0,20,0.5,2,2,0.1,,
2020,dimST42,west,W3_SIL,W3,SIL,2,10,5,S,,,,,,1.85,7,21,6.3,2,3,2,7,,8,,10.5,4,0.902,,,8,,20,10,20,0.5,2,1,0.1,,
2020,dimST43,west,C4_SIL,C4,SIL,2,8,5,S,130,0,9,5.2,6,1.4,10,22,7.05,5,3,15,1,,6,,10,4.5,0.756,,,21,,0,0,20,1,2,15,0,,
2020,dimST44,west,C4_SIL,C4,SIL,2,8,5,S,,,,,,1.9,11,,,1,2,10,7,,7,,8.5,4,0.894,19,6.05,28,,10,0,10,0.1,2,15,0,,
2020,dimST45,west,C4_SIL,C4,SIL,2,8,5,S,,,,,,2.5,8,16,6.3,2,2,20,3,,8,,9,6,0.69,,,18,,20,0,30,0.5,2,25,0,,
2020,dimST46,west,E4_SIL,E4,SIL,2,6,5,S,110,1,8,4.5,5,1.5,22,,,10,3,5,4,,2,,9.5,4,0.813,14,5.45,8,,20,0,30,2,2,20,0,,
2020,dimST47,west,E4_SIL,E4,SIL,2,6,5,S,,,,,,1.2,11,,,1,3,2,5,,4,,9.5,3,0.904,14,5.55,8,,10,0,30,2,2,5,0,,
2020,dimST48,west,E4_SIL,E4,SIL,2,6,5,S,,,,,,1.5,12,12,6.2,10,3,25,7,,5,,8,3.5,1.028,,,7,,30,0,60,1,3,20,0,,
2020,dimST49,west,W2_SIL,W2,SIL,2,3,5,S,125,0,9,7,6,2,10,33,8.8,5,3,2,8,,1,,10.5,4,0.885,,,8,,30,10,40,0.5,2,2,1,,
2020,dimST50,west,W2_SIL,W2,SIL,2,3,5,S,,,,,,1.7,5,31,8.55,10,3,2,5,,6,,8,3.5,0.928,,,4,,30,0,60,1,3,5,0.5,,
2020,dimST51,west,W2_SIL,W2,SIL,2,3,5,S,,,,,,2.6,11,44,7.2,10,4,5,8,,7,,7,4,0.87,,,7,,20,20,60,5,3,2,0.1,,ask if these plants were sprayed
2020,dimST52,west,C2_SIL,C2,SIL,2,1,6,N,135,0,9,4.7,8,2.9,5,18,6.4,2,2,0.5,0,,2,,7.5,5.5,0.943,,,11,,10,0,40,0.1,2,0.1,0,,
2020,dimST53,west,C2_SIL,C2,SIL,2,1,6,N,,,,,,2.6,9,,,1,2,15,0,,4,,11.5,6,0.868,23,6.2,20,,10,15,50,0.1,2,15,0,,
2020,dimST54,west,C2_SIL,C2,SIL,2,1,6,N,,,,,,2.95,12,18,6.45,0.1,2,0.1,5,,5,,9.5,4.5,0.842,,,11,,0,0,30,0,0,0,5,,
2020,dimST55,west,E1_SIL,E1,SIL,2,2,6,N,120,0,9,4.5,7,2.2,13,,,0,0,0,5,,3,,9,5,0.918,14,4.85,6,,10,0,5,0,0,0,0.5,,
2020,dimST56,west,E1_SIL,E1,SIL,2,2,6,N,,,,,,1.65,13,,,2,0.5,2,5,,8,,11,3.5,0.74,13,5,16,,0,0,5,0.5,2,0.1,1,,
2020,dimST57,west,E1_SIL,E1,SIL,2,2,6,N,,,,,,2.4,9,19,7.3,0,0,0,6,,9,,7.5,3.5,0.854,,,27,,10,0,30,0,0,0,0.5,,
2020,dimST58,west,E2_SIL,E2,SIL,2,5,6,N,120,0,9,4.3,7,2,17,,,2,3,5,4,,1,,8.5,4.5,0.884,18,4.7,21,,0,5,30,1,2,10,0.5,,
2020,dimST59,west,E2_SIL,E2,SIL,2,5,6,N,,,,,,1.75,16,16,6.55,0.1,2,5,1,,7,,10.5,5,0.85,,,14,,20,0,40,0.5,2,1,0.1,,
2020,dimST60,west,E2_SIL,E2,SIL,2,5,6,N,,,,,,1.55,9,,,0.01,0.5,0,1,perfoliatum-esq? recent hybrid?,8,,13,,0.564,14,,1,,30,0,100,na,na,na,na,,defoliated
2020,dimST61,west,C3_SIL,C3,SIL,2,6,6,N,130,0,9,4,7,2.35,8,18,5.3,1,2,5,5,,2,,12,6.5,0.599,,,27,,5,0,40,0.5,2,2,5,,
2020,dimST62,west,C3_SIL,C3,SIL,2,6,6,N,,,,,,2.55,7,,,0.05,2,10,4,,5,,9,6,0.943,25,4.55,20,,0,0,20,0.1,2,10,2,,
2020,dimST63,west,C3_SIL,C3,SIL,2,6,6,N,,,,,,1.6,11,,,3,2,10,3,,6,,7.5,3.5,0.86,21,4.85,11,,0,0,50,1,2,5,0.5,,
2020,dimST64,west,C1_SIL,C1,SIL,2,7,6,N,120,1,8,6.7,5,1.65,11,21,4.5,30,4,25,7,"eucosma infested, because mature??",2,,7,4,0.953,,,5,,40,30,70,1,2,30,0.1,,
2020,dimST65,west,C1_SIL,C1,SIL,2,7,6,N,,,,,,2.15,12,33,7.25,25,2,30,4,,4,,10,5.5,1.145,,,9,,10,40,50,1,3,40,0.1,,
2020,dimST66,west,C1_SIL,C1,SIL,2,7,6,N,,,,,,1.75,15,18,6.25,10,3,15,5,,7,,10.5,4,0.885,,,4,,20,15,60,5,3,2,0.1,,
2020,dimST67,west,W4_SIL,W4,SIL,2,9,6,N,120,0,9,6.3,4,1.75,7,,,5,0.5,5,7,,3,,6,3,0.931,,6.75,5,,80,0,30,0.5,2,2,0,,
2020,dimST68,west,W4_SIL,W4,SIL,2,9,6,N,,,,,,2.5,9,31,8.55,2,3,1,7,,5,,12.5,4.5,0.944,,,7,,10,5,30,0.5,2,1,10,,
2020,dimST69,west,W4_SIL,W4,SIL,2,9,6,N,,,,,,1.55,9,35,8.2,5,3,5,8,,6,,10.5,3,0.811,,,5,,35,20,75,0.5,2,1,0.5,,
2020,dimST70,west,W1_SIL,W1,SIL,2,10,6,N,130,0,9,6.5,6,2.75,11,31,9,10,4,2,8,,2,,10.5,5,0.754,,,6,,20,50,50,2,3,1,0.5,,
2020,dimST71,west,W1_SIL,W1,SIL,2,10,6,N,,,,,,2.85,10,21,6.7,1,2,1,5,,5,,10.5,4,0.751,,,3,,10,5,25,2,2,1,10,,
2020,dimST72,west,W1_SIL,W1,SIL,2,10,6,N,,,,,,1.9,6,30,8.25,1,3,2,4,,9,,9.5,4.5,0.815,,,7,,30,20,10,1,2,1,1,,
2020,dimST73,west,E3_SIL,E3,SIL,3,4,7,N,130,0,9,4.7,6,2.15,17,,,0.1,2,5,3,,4,,8.5,3.5,0.754,12,5.5,21,,0,0,5,0.1,2,10,2,,
2020,dimST74,west,E3_SIL,E3,SIL,3,4,7,N,,,,,,2.95,17,15,7.1,2,3,5,4,,6,,11.5,3.5,0.812,,,19,,5,0,30,0.1,2,2,0.1,,
2020,dimST75,west,E3_SIL,E3,SIL,3,4,7,N,,,,,,2.45,21,16,5.5,0,0,0,6,,8,,9.5,5,0.855,,,41,,0,0,5,0,0,0,10,,
2020,dimST76,west,W4_SIL,W4,SIL,3,7,7,N,130,1,8,5.7,5,2.5,5,,8.1,15,2,2,6,,6,,10,3,0.716,28,,5,ama,10,5,80,1,2,1,0,,
2020,dimST77,west,W4_SIL,W4,SIL,3,7,7,N,,,,,,4.7,8,33,8.45,20,3,5,7,,7,,,,,,,10,ama,10,0,40,na,2,5,na,,"no leaves, stalk died. and maybe human defoliation?"
2020,dimST78,west,W4_SIL,W4,SIL,3,7,7,N,,,,,,2.6,12,31,,15,3,10,5,,9,,13.5,5.5,0.821,,5.45,8,ama,20,10,60,5,3,5,0.5,,
2020,dimST79,west,W2_SIL,W2,SIL,3,9,7,N,135,1,8,5.9,6,2.9,9,26,7.15,2,3,1,3,,4,,10.5,5,0.761,,,11,,10,10,30,0.5,2,1,1,,
2020,dimST80,west,W2_SIL,W2,SIL,3,9,7,N,,,,,,2.65,9,28,8.1,10,3,2,5,,5,,11,5,0.75,,,3,,20,0,60,2,2,1,0.5,,
2020,dimST81,west,W2_SIL,W2,SIL,3,9,7,N,,,,,,3.1,7,24,8.1,5,2,2,6,,6,,8.5,4,0.932,,,7,,40,20,20,1,2,2,5,,
2020,dimST82,west,E4_SIL,E4,SIL,3,12,7,N,125,0,9,4.7,6,2.15,9,14,5,1,2,15,1,,2,,8,4.5,1.11,,,13,,20,0,5,0.5,2,10,0,,
2020,dimST83,west,E4_SIL,E4,SIL,3,12,7,N,,,,,,2.25,15,14,7.25,0.5,2,5,4,,3,,9.5,4.5,0.854,,,16,,0,0,10,0.5,2,2,0.5,,
2020,dimST84,west,E4_SIL,E4,SIL,3,12,7,N,,,,,,1.9,15,16,6.6,0.5,3,2,3,,5,,10,5,0.752,,,15,,5,0,5,0.1,2,2,1,,
2020,dimST85,west,E2_SIL,E2,SIL,3,10,8,S,135,0,9,5.5,7,2.45,7,19,5.35,2,2,5,1,,5,,10.5,6,0.714,,,24,,5,0,50,1,2,1,1,,
2020,dimST86,west,E2_SIL,E2,SIL,3,10,8,S,,,,,,2.5,16,22,6.1,0.01,1,0,3,,6,,12,2,0.567,,,13,,10,0,30,0,0,0,0.1,,
2020,dimST87,west,E2_SIL,E2,SIL,3,10,8,S,,,,,,2,20,15,7.05,1,2,1,3,,9,,6.5,3,0.748,,,18,,5,0,10,0.1,2,1,0,,
2020,dimST88,west,C4_SIL,C4,SIL,3,7,8,S,140,0,9,4.5,6,3.15,12,,,15,3,40,3,"hypersensitive responses, no restriction of pustules, perfoliatum-esq traits",2,,12,6.5,0.986,16,5.75,27,,10,20,10,0.5,2,25,0,,
2020,dimST89,west,C4_SIL,C4,SIL,3,7,8,S,,,,,,2.35,9,,,10,2,30,1,,3,,9,4.5,0.753,20,6.1,23,,5,0,20,0.1,2,5,0,,
2020,dimST90,west,C4_SIL,C4,SIL,3,7,8,S,,,,,,2.45,10,,,5,2,20,2,,9,,8.5,5,0.805,20,6.5,14,,25,0,10,0.1,2,15,0,,
2020,dimST91,west,W1_SIL,W1,SIL,3,5,8,S,140,2,6,5.5,4,2.1,10,20,8.6,20,3,15,3,"plant position 2 has rusty dead stalks, counted as dead, no live tissue. plant position 1 will probably die too",3,,9.5,4,0.827,,,6,,30,0,50,5,2,15,2,,
2020,dimST92,west,W1_SIL,W1,SIL,3,5,8,S,,,,,,2.8,10,24,8.1,10,3,10,6,,5,,7,3.5,0.855,,,2,,NA,NA,80,2,2,5,15,,
2020,dimST93,west,W1_SIL,W1,SIL,3,5,8,S,,,,,,2.4,16,33,9.5,0.05,2,0,6,,9,,9.5,4,0.72,,,13,,30,10,30,0,0,0,30,,
2020,dimST94,west,E1_SIL,E1,SIL,3,3,8,S,135,0,9,5.9,7,1.85,20,,,0,0,0,2,,2,,9,5,0.678,13,3.35,11,,5,0,10,0,0,0,1,,
2020,dimST95,west,E1_SIL,E1,SIL,3,3,8,S,,,,,,2,20,,,0,0,0,2,,4,,10.5,5,0.727,13,5.75,1,,0,0,30,0,0,0,0,,
2020,dimST96,west,E1_SIL,E1,SIL,3,3,8,S,,,,,,1.95,15,,,0.5,2,2,4,,5,,8,3.5,0.78,na,,17,,0,0,60,0.5,2,2,0,,
2020,dimST97,west,C3_SIL,C3,SIL,3,2,9,N,140,0,9,4,7,2.5,11,,,2,2,20,3,,2,,7.5,3.5,0.865,23,6.45,23,,0,0,30,1,2,20,0.1,,
2020,dimST98,west,C3_SIL,C3,SIL,3,2,9,N,,,,,,2.6,15,,,0.01,0.5,1,1,,6,,11.5,6,0.901,20,7,22,,0,10,20,0.01,1,0.5,0.5,,
2020,dimST99,west,C3_SIL,C3,SIL,3,2,9,N,,,,,,2.2,9,,,1,2,5,2,,7,,9.5,4,0.914,16,5.6,21,,5,20,10,0.5,2,10,0.5,,
2020,dimST100,west,C1_SIL,C1,SIL,3,3,9,N,130,0,8,6.3,4,1.95,15,26,7.2,25,3,30,2,possible stem die off because of rust,3,,8,4.5,0.905,,,3,,30,10,60,5,3,25,0.5,,
2020,dimST101,west,C1_SIL,C1,SIL,3,3,9,N,,,,,,1.9,7,,,30,3,30,3,c1 looks very western ecotype,5,,,,,,,2,,NA,NA,95,2,3,10,0,,no good leaves
2020,dimST102,west,C1_SIL,C1,SIL,3,3,9,N,,,,,,1,13,24,7.1,15,2,15,2,,7,,9,3.5,0.819,,,2,,20,0,80,1,3,15,2,,
2020,dimST103,west,C2_SIL,C2,SIL,3,7,9,N,150,1,8,4,8,2.15,12,,,15,2,20,0,,4,,10,6.5,0.821,22,5.05,13,,10,0,20,2,2,10,0.5,,
2020,dimST104,west,C2_SIL,C2,SIL,3,7,9,N,,,,,,2.5,10,,,0,0,0,2,,8,,8,5,0.899,19,4.7,29,,0,0,10,0,0,0,15,,
2020,dimST105,west,C2_SIL,C2,SIL,3,7,9,N,,,,,,2.9,3,,,1,0.5,2,1,,9,,11,6,0.992,27,5.7,27,,5,0,10,0.1,1,1,0.1,,
2020,dimST106,west,W3_SIL,W3,SIL,3,10,9,N,135,0,9,6.1,5,2.2,14,24,9.35,0.1,2,0.5,9,,3,,9,3.5,0.797,,,6,,10,30,40,1,2,2,0.5,,
2020,dimST107,west,W3_SIL,W3,SIL,3,10,9,N,,,,,,2.1,9,37,10,10,2,5,7,,5,,11,4.5,0.61,,,5,,20,60,50,1,2,1,15,,
2020,dimST108,west,W3_SIL,W3,SIL,3,10,9,N,,,,,,2,14,25,8.5,2,3,1,4,,8,,9,2.5,0.822,,,9,,20,10,75,1,2,1,0,,
2020,dimST109,west,W4_SIL,W4,SIL,4,1,10,N,130,0,9,6,6,2.35,12,37,7.85,2,3,1,7,,2,,8.5,2.5,0.639,,,4,,10,0,60,1,2,2,0.1,,
2020,dimST110,west,W4_SIL,W4,SIL,4,1,10,N,,,,,,2.25,13,,,5,2,1,4,,4,,10.5,4.5,0.725,29,7.35,6,,20,0,40,1,2,1,0.1,,
2020,dimST111,west,W4_SIL,W4,SIL,4,1,10,N,,,,,,1.9,5,33,7.65,2,2,5,2,,7,,9,2.5,0.677,,,3,,0,0,80,1,2,5,2,,
2020,dimST112,west,C2_SIL,C2,SIL,4,11,11,S,145,0,9,4.7,8,3.35,6,,,0.05,2,0.1,2,,1,,12.5,7,0.847,,,15,,0,0,10,0.1,1,0,0.1,,
2020,dimST113,west,C2_SIL,C2,SIL,4,11,11,S,,,,,,2.65,14,28,6.85,0.1,2,0.5,0,,4,,10,8,0.925,,,35,,5,0,20,0.1,2,0.1,2,,
2020,dimST114,west,C2_SIL,C2,SIL,4,11,11,S,,,,,,2.95,24,17,6.75,0.1,1,1,3,,5,,12.5,7.5,0.774,,,14,,10,0,5,0,0,0.5,0.1,,
2020,dimST115,west,C3_SIL,C3,SIL,4,9,11,S,150,0,9,4.5,8,3.45,11,17,6.7,0.1,2,1,5,,1,,13,6.5,0.888,,,48,,5,0,5,0.1,2,2,1,,
2020,dimST116,west,C3_SIL,C3,SIL,4,9,11,S,,,,,,2.9,10,,,0.01,1,0.1,4,,4,,11.5,6.5,0.807,24,4.85,23,,5,0,10,0.1,2,0.5,0.1,,
2020,dimST117,west,C3_SIL,C3,SIL,4,9,11,S,,,,,,2.9,12,,,0.5,2,1,5,,9,,13,6,0.783,27,6.65,24,,5,20,5,0.1,2,2,0.1,,
2020,dimST118,west,C4_SIL,C4,SIL,4,7,11,S,130,0,9,4.5,5,2.1,7,27,6.55,5,2,15,2,,6,,9,5,0.753,,,6,,0,10,5,0.5,2,35,0,,
2020,dimST119,west,C4_SIL,C4,SIL,4,7,11,S,,,,,,2.3,8,,,2,2,30,1,,7,,11.5,5,0.713,20,5.25,10,,0,0,30,0.5,2,35,15,,
2020,dimST120,west,C4_SIL,C4,SIL,4,7,11,S,,,,,,2.7,5,,,5,2,25,4,,8,,,,,,,,,,,,na,na,na,na,,roasted by stem rust
2020,dimST121,west,W3_SIL,W3,SIL,4,5,11,S,130,0,9,5.7,5,3.7,9,29,9.1,5,3,2,7,,4,,10.5,5,0.787,,,13,,30,30,40,2,2,10,5,,
2020,dimST122,west,W3_SIL,W3,SIL,4,5,11,S,,,,,,1.9,9,22,,5,2,5,7,,5,,10,4,0.492,,,6,,30,40,40,0.5,2,15,0.5,,
2020,dimST123,west,W3_SIL,W3,SIL,4,5,11,S,,,,,,3.25,10,31,8.2,15,3,5,8,,8,,9,4.5,0.666,,,6,,40,10,70,10,3,10,10,,
2020,dimST124,west,W2_SIL,W2,SIL,4,4,11,S,120,0,9,5,5,2.3,5,,,15,3,2,8,,6,,11,3,1.39,,,1,,100,0,80,2,2,1,10,,
2020,dimST125,west,W2_SIL,W2,SIL,4,4,11,S,,,,,,1.8,5,26,8.5,10,2,5,2,,7,,10,4,0.761,,,3,,40,0,80,2,2,5,10,,
2020,dimST126,west,W2_SIL,W2,SIL,4,4,11,S,,,,,,2.65,6,29,7.25,10,3,5,6,,9,,8,4,0.69,,,10,,30,10,70,5,3,5,15,,
2020,dimST127,west,E3_SIL,E3,SIL,4,2,11,S,125,0,9,5.3,7,2.15,14,,,0.05,2,2,6,,2,,8.5,3.5,0.851,16,3.5,24,,0,0,5,0.1,2,1,1,,
2020,dimST128,west,E3_SIL,E3,SIL,4,2,11,S,,,,,,2.25,24,,,0,0,0,6,,3,,9,3,0.61,18,5.65,17,,0,0,10,0,0,0,1,,
2020,dimST129,west,E3_SIL,E3,SIL,4,2,11,S,,,,,,1.55,14,,,0.5,2,5,7,,5,,7,1.5,0.528,,,0,,0,0,80,1,2,5,0.5,,"black vein thing, ask kt, 1 score"
2020,dimST130,west,E4_SIL,E4,SIL,4,2,12,N,115,0,9,4.7,5,1.5,13,,,1,2,40,2,,4,,8.5,3.5,0.902,17,3.05,2,,0,0,30,2,2,30,0,,
2020,dimST131,west,E4_SIL,E4,SIL,4,2,12,N,,,,,,1.85,12,,,1,2,25,5,,8,,9,3.5,0.92,18,4.75,20,,10,0,35,1,2,15,0,,
2020,dimST132,west,E4_SIL,E4,SIL,4,2,12,N,,,,,,1.9,16,,,1,2,15,6,,9,,7.5,3,0.775,16,5.15,14,,5,0,30,1,2,20,0.1,,
2020,dimST133,west,E1_SIL,E1,SIL,4,3,12,N,125,0,9,5.7,6,1.8,20,,,0,0,0,4,,1,,7.5,4,0.66,13,5.6,13,,5,0,40,0,0,0,0.1,,
2020,dimST134,west,E1_SIL,E1,SIL,4,3,12,N,,,,,,2,25,15,,1,2,1,5,,3,,11,4,0.625,,,22,,20,0,10,1,2,2,1,,
2020,dimST135,west,E1_SIL,E1,SIL,4,3,12,N,,,,,,2.1,17,22,6.85,0,0,0,2,,6,,10.5,4.5,0.707,,,27,,5,0,10,0,0,0,15,,
2020,dimST136,west,C1_SIL,C1,SIL,4,4,12,N,130,2,7,6.5,4,2.35,10,39,8.3,2,3,1,7,,3,,9,6,0.637,,,13,,40,30,50,5,2,2,5,,
2020,dimST137,west,C1_SIL,C1,SIL,4,4,12,N,,,,,,2.15,18,31,8.05,5,2,5,6,,5,,8.5,5.5,0.655,,,7,,30,0,50,5,3,2,5,,
2020,dimST138,west,C1_SIL,C1,SIL,4,4,12,N,,,,,,2,13,,,10,2,55,4,,7,,,,,,,0,,,,,na,na,na,na,,roasted by stem rust
2020,dimST139,west,W1_SIL,W1,SIL,4,6,12,N,135,0,9,6.5,6,2.75,6,,,5,3,5,8,,4,,11,4.5,0.814,22,4.65,1,,100,0,100,1,2,5,5,,
2020,dimST140,west,W1_SIL,W1,SIL,4,6,12,N,,,,,,2,6,,,5,2,5,7,,7,,9,4,0.746,20,4.85,2,,100,50,80,2,2,2,5,,
2020,dimST141,west,W1_SIL,W1,SIL,4,6,12,N,,,,,,1.95,6,,,5,3,0.1,8,,8,,11,3,0.751,18,6.85,5,,30,0,60,1,2,1,10,,
2020,dimST142,west,E2_SIL,E2,SIL,4,7,12,N,115,0,9,4.5,6,1.8,16,,,5,3,20,1,,1,,11,4.5,0.663,14,6.95,1,,5,0,30,0.5,2,25,2,,
2020,dimST143,west,E2_SIL,E2,SIL,4,7,12,N,,,,,,1.75,10,,,5,2,25,2,,4,,12,4,0.711,13,5.45,3,,20,0,40,2,2,20,0.5,,
2020,dimST144,west,E2_SIL,E2,SIL,4,7,12,N,,,,,,1.35,11,20,,9,2,2,1,,9,,11,8,0.714,16,7.9,25,,10,0,30,2,3,1,0.1,,
2020,dimST145,west,W1_SIL,W1,SIL,5,1,13,N,120,0,9,5.5,5,2.25,12,20,8.9,2,2,5,8,,6,,7.5,3.5,0.827,,,7,,30,0,80,2,3,10,2,,
2020,dimST146,west,W1_SIL,W1,SIL,5,1,13,N,,,,,,2.24,13,31,8.75,5,2,15,0,,7,,8,5.5,0.581,,,3,,40,10,50,5,2,20,1,,
2020,dimST147,west,W1_SIL,W1,SIL,5,1,13,N,,,,,,2.2,9,,,5,3,25,8,,8,,,,0.84,,6.05,4,,60,0,60,2,1,35,0.5,,
2020,dimST148,west,C4_SIL,C4,SIL,5,2,13,N,130,1,8,4.3,6,2.05,17,22,6.75,2,2,15,1,,3,,,,0.933,,,15,,5,5,50,0.5,2,15,0,,mid. point leaves all lost
2020,dimST149,west,C4_SIL,C4,SIL,5,2,13,N,,,,,,3.45,16,20,7.7,2,2,30,2,,5,,,,0.851,,,7,,0,10,30,1,2,35,0.5,,
2020,dimST150,west,C4_SIL,C4,SIL,5,2,13,N,,,,,,2.3,11,,,1,2,10,1,,8,,,,0.911,23,5.35,3,,5,0,50,0.5,2,10,0,,
2020,dimST151,west,W3_SIL,W3,SIL,5,6,13,N,130,0,8,6,5,1.75,8,29,8.05,10,3,10,7,,2,,10,3.5,0.71,,,5,,30,10,30,2,2,2,10,,
2020,dimST152,west,W3_SIL,W3,SIL,5,6,13,N,,,,,,2.55,12,27,6.15,2,2,1,8,,3,,12,4,0.685,,,7,,20,5,40,1,2,1,5,,
2020,dimST153,west,W3_SIL,W3,SIL,5,6,13,N,,,,,,2.1,9,31,9.05,2,3,10,8,,8,,9,3,0.614,,,5,,10,0,90,0.5,2,10,2,,
2020,dimST154,west,C3_SIL,C3,SIL,5,9,13,N,145,0,9,4.5,8,2.35,16,,,0.1,2,10,3,,7,,14,5.5,0.871,17,5.8,28,,5,0,20,0.5,2,15,5,,
2020,dimST155,west,C3_SIL,C3,SIL,5,9,13,N,,,,,,2.25,13,,,1,2,10,2,,8,,10.5,4.5,0.576,14,4.15,3,ama,5,0,20,0.5,2,20,5,,
2020,dimST156,west,C3_SIL,C3,SIL,5,9,13,N,,,,,,2.6,8,18,7.25,0.05,2,5,5,,9,,9.5,5,0.818,,,19,,10,0,5,0,0,1,1,,
2020,dimST157,west,C2_SIL,C2,SIL,5,11,13,N,140,0,9,4.3,7,2.45,10,20,7.15,0.5,2,5,0,,2,,12.5,8.5,0.808,,,23,,20,0,10,0.1,5,2,0,,
2020,dimST158,west,C2_SIL,C2,SIL,5,11,13,N,,,,,,2.35,10,,,5,3,35,1,,4,,13,7,0.709,26,5.95,12,,5,0,5,2,2,40,0.5,,
2020,dimST159,west,C2_SIL,C2,SIL,5,11,13,N,,,,,,3.3,2,26,,1,2,50,0,,6,,12.5,7,0.94,,6.8,31,,10,0,10,0.5,2,5,0.5,,
2020,dimST160,west,E4_SIL,E4,SIL,5,12,13,N,130,0,9,5,8,2.05,13,19,5.75,0,0,0.5,1,mostly e1,1,,10,4,0.494,,,22,,5,0,5,0,0,0.1,10,,
2020,dimST161,west,E4_SIL,E4,SIL,5,12,13,N,,,,,,1.65,10,,,0,0,0,2,hypersensitive responses  no pustules,4,,11.5,6,0.64,17,6.2,22,,5,0,5,0,0,0,5,,
2020,dimST162,west,E4_SIL,E4,SIL,5,12,13,N,,,,,,1.95,14,15,7.2,0,0,0,1,,7,,9,4,0.752,,,35,,5,0,5,0,0,0,0.1,,
2020,dimST163,west,W4_SIL,W4,SIL,5,12,14,S,135,0,9,5.7,6,1.3,2,,,2,2,0.5,5,,5,,8,2.5,0.75,,,2,,0,0,75,0.5,2,0.5,15,,
2020,dimST164,west,W4_SIL,W4,SIL,5,12,14,S,,,,,,1.95,9,29,9.3,5,3,10,3,,8,,10.5,4.5,0.702,,,6,,30,10,40,5,3,5,20,,
2020,dimST165,west,W4_SIL,W4,SIL,5,12,14,S,,,,,,2.1,9,28,6.8,5,3,2,7,,9,,7,5,0.555,,,4,,10,5,60,5,2,2,0.5,,
2020,dimST166,west,C1_SIL,C1,SIL,5,10,14,S,110,2,7,6,3,1.4,17,,,25,2,40,4,,1,,9.5,4,0.745,26,6.35,6,,0,0,75,5,2,30,1,,
2020,dimST167,west,C1_SIL,C1,SIL,5,10,14,S,,,,,,1.35,7,,,10,3,45,1,,3,,8.5,4,1.01,,,0,,0,0,80,2,2,30,2,,
2020,dimST168,west,C1_SIL,C1,SIL,5,10,14,S,,,,,,1.7,5,25,6.2,20,3,20,4,,7,,,,0.77,,,1,,100,0,70,5,2,15,0,,
2020,dimST169,west,E2_SIL,E2,SIL,5,8,14,S,120,0,9,4.7,6,2.1,13,14,6.2,0.5,2,2,1,,5,,12,4.5,0.706,,,27,,10,0,20,0.5,2,2,5,,
2020,dimST170,west,E2_SIL,E2,SIL,5,8,14,S,,,,,,1.3,11,,,2,2,15,5,,6,,,,0.745,,,1,,0,0,60,1,2,20,0,,crispy
2020,dimST171,west,E2_SIL,E2,SIL,5,8,14,S,,,,,,2,20,,,0.5,2,5,3,,7,,10.5,4.5,0.659,15,6.9,22,,10,0,10,1,2,10,2,,
2020,dimST172,west,E3_SIL,E3,SIL,5,2,15,N,125,0,9,5,6,2.4,13,16,6.85,0,0,0,3,,6,,9.5,5,0.739,,,30,,5,0,40,0,0,0,10,,
2020,dimST173,west,E3_SIL,E3,SIL,5,2,15,N,,,,,,1.85,17,,,0.1,2,0.1,3,,7,,10.5,4,0.682,15,5.45,22,,20,0,20,0.5,2,1,20,,
2020,dimST174,west,E3_SIL,E3,SIL,5,2,15,N,,,,,,1.1,12,13,,0.5,2,0,4,,9,,10.5,5,0.649,,5.15,7,,20,0,30,0.5,2,0,0,,
2020,dimST175,west,E1_SIL,E1,SIL,5,7,15,N,130,0,9,5.9,6,2.3,13,16,5.95,0,0,0,4,,1,,11,5.5,0.546,,,42,,0,0,10,0,0,0,5,,
2020,dimST176,west,E1_SIL,E1,SIL,5,7,15,N,,,,,,2.15,11,21,7.55,0.5,2,0.5,4,,3,,9.5,4.5,0.707,,,15,,5,0,5,0.5,2,1,10,,
2020,dimST177,west,E1_SIL,E1,SIL,5,7,15,N,,,,,,2.15,16,22,6.8,0.5,2,0.5,7,,6,,9.5,3.5,0.644,,,19,,5,0,5,0.5,2,1,35,,
2020,dimST178,west,W2_SIL,W2,SIL,5,12,15,N,105,1,8,5.5,3,1.75,2,,,10,2,30,1,"smaller plot, planted late",1,,10,3,0.638,15,6.05,1,,0,0,60,5,2,20,40,,
2020,dimST179,west,W2_SIL,W2,SIL,5,12,15,N,,,,,,2.2,6,,,5,3,20,7,,3,,9,3,0.857,26,6.5,5,,60,0,50,1,2,25,35,,
2020,dimST180,west,W2_SIL,W2,SIL,5,12,15,N,,,,,,1.55,2,,,2,2,5,7,,6,,,,,17,3.95,1,ama,0,0,90,1,2,5,10,,
2020,dimST181,central,W3_SIL,W3,SIL,1,2,1,S,90,1,8,6,3,2.6,2,26,7.5,0,0,0,1,move down,1,,8.5,5.5,0.87,,,10,,50,0,5,0,0,0,45,,
2020,dimST182,central,W3_SIL,W3,SIL,1,2,1,S,,,,,,2.15,6,24,8.45,0,0,0,2,,4,,10.5,4.5,0.982,,,12,,40,0,5,0,0,0,20,,
2020,dimST183,central,W3_SIL,W3,SIL,1,2,1,S,,,,,,1.4,3,23,6.85,0,0,0,0,,9,,9,4,0.713,,,3,,30,5,5,0,0,0,50,,
2020,dimST184,central,W4_SIL,W4,SIL,1,9,1,S,125,0,9,5.5,5,1.85,5,35,,0,0,0,1,,3,,8,2.5,0.684,,9.05,7,,50,10,0,0,0,0,35,,
2020,dimST185,central,W4_SIL,W4,SIL,1,9,1,S,,,,,,2.8,5,42,8.8,0,0,0,4,,5,,9,3.5,0.83,,,14,,30,0,5,0,0,0,20,,
2020,dimST186,central,W4_SIL,W4,SIL,1,9,1,S,,,,,,2.75,1,35,10.5,0,0,0,1,,9,,8.5,5,0.878,,,10,,10,0,5,0,0,0,55,,
2020,dimST187,central,C3_SIL,C3,SIL,1,11,2,N,125,0,9,3.9,6,2.75,8,,,0,0,0,3,,1,,8.5,4.5,0.97,21,4.75,23,,10,10,5,0,0,0,0,,
2020,dimST188,central,C3_SIL,C3,SIL,1,11,2,N,,,,,,3,6,,,0,0,0,2,,3,,8.5,6,0.955,30,6.2,72,,0,20,5,0,0,0,1,,
2020,dimST189,central,C3_SIL,C3,SIL,1,11,2,N,,,,,,3.3,2,,,0,0,0,2,,6,,10,6,0.994,29,6.5,46,,0,0,5,0,0,0,0.1,,
2020,dimST190,central,W1_SIL,W1,SIL,1,6,2,N,110,1,8,5.7,3,1.7,1,,,0,0,0,1,,1,,7,3.5,0.734,25,7.7,2,,50,0,0,0,0,0,60,,
2020,dimST191,central,W1_SIL,W1,SIL,1,6,2,N,,,,,,1.45,1,,,0,0,0,0,,3,,na,na,na,22,5.8,1,,0,0,5,0,0,0,100,,
2020,dimST192,central,W1_SIL,W1,SIL,1,6,2,N,,,,,,3.9,2,24,9.5,0,0,0,0,,7,,10,4.5,0.74,,,10,,30,10,10,0,0,0,70,,
2020,dimST193,central,C1_SIL,C1,SIL,1,5,2,N,115,1,8,6.3,5,2.05,9,29,7.2,0,0,0,1,lodging,2,,9.5,4,1,,,14,,10,5,5,0,0,0,25,,
2020,dimST194,central,C1_SIL,C1,SIL,1,5,2,N,,,,,,2.75,3,41,8,0,0,0,1,,3,,7,4,1.02,,,11,,20,0,5,0,0,0,30,,
2020,dimST195,central,C1_SIL,C1,SIL,1,5,2,N,,,,,,2.55,4,35,8.05,0,0,0,0,,6,,8.5,5,0.893,,,18,,30,10,10,0,0,0,55,,
2020,dimST196,central,E1_SIL,E1,SIL,1,4,2,N,105,0,9,4.7,6,2.15,8,13,5.45,0,0,0,1,,1,,10,5,1.03,,,29,,10,0,5,0,0,0,0,,
2020,dimST197,central,E1_SIL,E1,SIL,1,4,2,N,,,,,,1.75,6,15,5.95,0,0,0,3,,7,,10,3,0.821,,,22,,20,0,5,0,0,0,5,,
2020,dimST198,central,E1_SIL,E1,SIL,1,4,2,N,,,,,,2.2,10,,,0,0,0,2,,9,,8,4,0.812,18,5.6,30,,10,0,5,0,0,0,0.1,,
2020,dimST199,central,C4_SIL,C4,SIL,1,3,2,N,125,1,8,4.5,6,2.2,6,,,0,0,0,4,,2,,9,4.5,1.08,20,5.75,21,,5,0,5,0,0,0,0.5,,
2020,dimST200,central,C4_SIL,C4,SIL,1,3,2,N,,,,,,3.05,7,,,0,0,0,1,,6,,9,4.5,1.04,20,6.55,27,,5,0,5,0,0,0,10,,
2020,dimST201,central,C4_SIL,C4,SIL,1,3,2,N,,,,,,2.65,6,24,7.5,0,0,0,3,,7,,9.5,5.5,0.959,,,31,,0,5,5,0,0,0,1,,
2020,dimST202,central,W2_SIL,W2,SIL,1,3,3,S,90,0,9,4.9,3,2.35,2,26,11.9,0,0,0,0,"1 C4 plant, very different",1,,10,3.5,1.184,,,7,,40,0,10,0,0,0,50,,
2020,dimST203,central,W2_SIL,W2,SIL,1,3,3,S,,,,,,2.05,1,24,7.9,0,0,0,1,,2,,na,na,0.78,,,6,,30,10,0,0,0,0,65,,tenth of inch disc dia
2020,dimST204,central,W2_SIL,W2,SIL,1,3,3,S,,,,,,2.3,1,,,0,0,0,4,,4,,9.5,4.5,0.792,34,7.35,8,,70,0,5,0,0,0,30,,
2020,dimST205,central,E2_SIL,E2,SIL,1,7,3,S,105,0,9,4.3,6,2.75,5,,,0,0,0,3,,7,,9,5,0.837,16,5.9,52,,5,0,5,0,0,0,5,,
2020,dimST206,central,E2_SIL,E2,SIL,1,7,3,S,,,,,,2.1,7,13,6.6,0,0,0,0,,8,,9.5,6,0.99,,,43,,10,0,5,0,0,0,2,,
2020,dimST207,central,E2_SIL,E2,SIL,1,7,3,S,,,,,,2.25,8,,,0,0,0,2,,9,,8,5,0.748,13,6.3,25,,5,0,5,0,0,0,0,,
2020,dimST208,central,E3_SIL,E3,SIL,1,9,3,S,115,1,8,3.9,5,1.25,2,,,0,0,0,0,,2,,9,3.5,0.699,13,6.2,10,,0,0,5,0,0,0,0,,
2020,dimST209,central,E3_SIL,E3,SIL,1,9,3,S,,,,,,2.2,10,,,0,0,0,2,,4,,8.5,4,0.86,14,5.2,48,,5,0,5,0,0,0,0.1,,
2020,dimST210,central,E3_SIL,E3,SIL,1,9,3,S,,,,,,1.95,8,,,0,0,0,3,,6,,9,4.5,0.953,15,5.4,43,,5,0,0,0,0,0,0,,
2020,dimST211,central,E4_SIL,E4,SIL,1,9,4,N,115,0,9,4,5,2.1,8,,,0,0,0,3,,1,,9.5,4.5,0.926,21,6.05,18,,20,0,5,0,0,0,0,,
2020,dimST212,central,E4_SIL,E4,SIL,1,9,4,N,,,,,,1.5,5,,,0,0,0,2,,3,,8,3,0.766,13,4.9,13,,5,0,0,0,0,0,0,,
2020,dimST213,central,E4_SIL,E4,SIL,1,9,4,N,,,,,,2.85,9,14,,0,0,0,2,,5,,9,3.5,0.847,,5.4,36,,10,0,10,0,0,0,0.1,,
2020,dimST214,central,C2_SIL,C2,SIL,1,1,4,N,115,0,9,3.7,5,2.35,4,,,0,0,0,1,,3,,9,5,0.967,22,7.25,27,,5,0,5,0,0,0,2,,
2020,dimST215,central,C2_SIL,C2,SIL,1,1,4,N,,,,,,2.65,6,,,0,0,0,1,,5,,9,5,0.946,20,7,38,,5,5,5,0,0,0,10,,
2020,dimST216,central,C2_SIL,C2,SIL,1,1,4,N,,,,,,3,4,,,0,0,0,1,,9,,9,5,0.933,18,5.4,24,,0,10,5,0,0,0,0.5,,
2020,dimST217,central,C2_SIL,C2,SIL,2,2,5,S,110,1,8,3.7,4,2.45,8,,,0,0,0,0,,2,,7.5,4,0.942,16,5.15,20,,20,0,5,0,0,0,10,,
2020,dimST218,central,C2_SIL,C2,SIL,2,2,5,S,,,,,,1.95,5,,,0,0,0,0,,3,,7,3.5,0.973,16,7.2,22,,5,0,5,0,0,0,15,,
2020,dimST219,central,C2_SIL,C2,SIL,2,2,5,S,,,,,,2.35,5,,,0,0,0,2,,6,,8.5,5,0.978,24,6.75,23,,10,5,5,0,0,0,10,,
2020,dimST220,central,W4_SIL,W4,SIL,2,3,5,S,100,0,9,5,3,1.95,2,,,0,0,0,6,,3,,7.5,2.5,0.911,21,7.15,5,,20,0,5,0,0,0,30,,
2020,dimST221,central,W4_SIL,W4,SIL,2,3,5,S,,,,,,2.75,2,,,0,0,0,4,,4,,6.5,3.5,0.741,27,7.6,2,,0,0,0,0,0,0,10,,
2020,dimST222,central,W4_SIL,W4,SIL,2,3,5,S,,,,,,1.35,1,,,0,0,0,0,,8,,10,4,0.794,0,4.75,2,,100,0,5,0,0,0,15,,
2020,dimST223,central,W2_SIL,W2,SIL,2,5,5,S,65,1,8,3.3,2,1.75,1,23,5.95,0,0,0,0,,2,,9.5,4.5,0.814,,,9,,40,10,5,0,0,0,55,,
2020,dimST224,central,W2_SIL,W2,SIL,2,5,5,S,,,,,,1.95,1,,,0,0,0,0,,5,,8,5.4,0.829,24,6.7,4,,0,0,30,0,0,0,20,,
2020,dimST225,central,W2_SIL,W2,SIL,2,5,5,S,,,,,,2.3,1,,,0,0,0,0,,9,,10,4.5,0.94,23,6.8,2,,50,0,20,0,0,0,15,,
2020,dimST226,central,E4_SIL,E4,SIL,2,9,5,S,105,0,9,3.7,5,1.8,2,,,,,,2,,1,,6,3,0.85,12,5.35,11,,0,5,5,0,0,0,0.5,,
2020,dimST227,central,E4_SIL,E4,SIL,2,9,5,S,,,,,,1.85,6,,,,,,2,,5,,7,3.5,0.83,16,5.8,36,,5,0,10,0,0,0,0,,
2020,dimST228,central,E4_SIL,E4,SIL,2,9,5,S,,,,,,2.4,10,,,,,,3,,6,,10,3.5,0.717,14,7.05,23,,10,0,10,0,0,0,0.1,,
2020,dimST229,central,C3_SIL,C3,SIL,2,3,6,N,110,0,9,3.5,5,1.95,6,,,0,0,0,2,,1,,7,3.1,0.925,16,6.8,23,,10,0,20,0,0,0,0,,
2020,dimST230,central,C3_SIL,C3,SIL,2,3,6,N,,,,,,2.15,7,,,0,0,0,1,,7,,7,4,0.845,19,5.35,25,,5,0,5,0,0,0,1,,
2020,dimST231,central,C3_SIL,C3,SIL,2,3,6,N,,,,,,3,4,,,0,0,0,1,,9,,7,4,0.867,18,4.15,27,,10,0,5,0,0,0,0.1,,
2020,dimST232,central,E3_SIL,E3,SIL,2,5,7,S,120,0,9,3.9,6,2.2,3,,,0,0,0,1,,2,,7,4,0.725,15,5.3,41,,0,0,30,0,0,0,0.1,,dry bloctch symptom - eastern ans central
2020,dimST233,central,E3_SIL,E3,SIL,2,5,7,S,,,,,,2.75,6,,,0,0,0,4,,4,,9,5,0.893,15,6.1,44,,5,0,10,0,0,0,5,,dry
2020,dimST234,central,E3_SIL,E3,SIL,2,5,7,S,,,,,,2.6,6,,,0,0,0,0,,8,,9,5,0.838,14,6.7,53,,0,0,5,0,0,0,0,,
2020,dimST235,central,E1_SIL,E1,SIL,2,9,7,S,125,1,8,4.3,6,3.1,9,18,5.7,0,0,0,1,,1,,11.5,4.5,0.93,,,67,,20,0,20,0,0,0,15,,
2020,dimST236,central,E1_SIL,E1,SIL,2,9,7,S,,,,,,1.25,5,,,0,0,0,0,,2,,9,4.5,0.651,16,5.7,60,,10,20,10,0,0,0,5,,
2020,dimST237,central,E1_SIL,E1,SIL,2,9,7,S,,,,,,2.7,8,16,5.15,0,0,0,3,,6,,12,5.5,0.812,,,76,,10,0,20,0,0,0,10,,
2020,dimST238,central,C1_SIL,C1,SIL,2,11,7,S,120,1,8,6,6,2.05,7,30,8.25,0,0,0,,,2,,8.5,3.5,0.914,,,13,,20,20,20,0,0,0,15,,lodging
2020,dimST239,central,C1_SIL,C1,SIL,2,11,7,S,,,,,,2.9,7,38,8.35,0,0,0,1,,3,,10,4,0.964,,,23,,10,20,30,0,0,0,2,,
2020,dimST240,central,C1_SIL,C1,SIL,2,11,7,S,,,,,,2.95,9,23,7.25,0,0,0,1,,8,,7.5,3,0.906,,,6,,20,30,20,0,0,0,65,,
2020,dimST241,central,W3_SIL,W3,SIL,2,10,8,N,95,3,5,5.5,2,3.4,2,30,,0,0,0,0,,3,,12,5.5,0.978,,7.15,5,,50,10,30,0,0,0,50,,
2020,dimST242,central,W3_SIL,W3,SIL,2,10,8,N,,,,,,2.2,2,44,9.1,0,0,0,1,,5,,10.5,5,0.767,,,9,,50,10,10,0,0,0,45,,
2020,dimST243,central,W3_SIL,W3,SIL,2,10,8,N,,,,,,1.6,1,,,0,0,0,1,,8,,8.5,3,0.857,na,5.85,1,,100,0,5,0,0,0,5,,bleaching calcifying 
2020,dimST244,central,C4_SIL,C4,SIL,2,8,8,N,145,0,9,6.3,7,2.8,6,23,6.85,0,0,0,1,,1,,8,4,0.964,,,29,,5,5,5,0,0,0,10,,
2020,dimST245,central,C4_SIL,C4,SIL,2,8,8,N,,,,,,2.45,6,,,0,0,0,1,,3,,10,6,0.985,20,6.45,23,,5,0,30,0,0,0,5,,perfoliate leaves
2020,dimST246,central,C4_SIL,C4,SIL,2,8,8,N,,,,,,2.2,7,,,0,0,0,3,,4,,8,4,0.846,16,5.55,23,,5,0,20,0,0,0,5,,
2020,dimST247,central,W1_SIL,W1,SIL,2,4,8,N,115,0,9,5.5,3,2.7,3,25,9.5,0,0,0,0,,2,,9,4.5,0.917,,,15,,40,0,0,0,0,0,75,,leaf herbiovry difficult due to disease
2020,dimST248,central,W1_SIL,W1,SIL,2,4,8,N,,,,,,2.4,1,28,8.75,0,0,0,1,,5,,9.5,5,0.814,,,14,,20,0,0,0,0,0,80,,
2020,dimST249,central,W1_SIL,W1,SIL,2,4,8,N,,,,,,1.9,1,,,0,0,0,0,,6,,na,na,na,na,8.75,3,,0,0,na,0,0,0,95,,
2020,dimST250,central,E2_SIL,E2,SIL,2,2,8,N,120,0,9,4.3,6,2.85,8,,,,,,3,,3,,8,5,0.87,16,5.65,85,,5,0,10,0,0,0,5,,
2020,dimST251,central,E2_SIL,E2,SIL,2,2,8,N,,,,,,2.55,10,,,,,,3,,6,,10,4,0.872,15,5.5,64,,5,0,10,0,0,0,0.5,,
2020,dimST252,central,E2_SIL,E2,SIL,2,2,8,N,,,,,,2.7,6,,,,,,3,,7,,8,3.5,0.869,15,7,33,,5,0,5,0,0,0,0,,
2020,dimST253,central,E4_SIL,E4,SIL,3,11,10,N,130,0,9,4.7,6,2,4,16,,0,0,0,1,,1,,8.5,4.5,0.996,,5.8,95,,10,0,5,0,0,0,2,,
2020,dimST254,central,E4_SIL,E4,SIL,3,11,10,N,,,,,,2.6,13,,,0,0,0,1,,2,,8.5,3,0.953,19,6.15,41,,5,0,5,0,0,0,0,,
2020,dimST255,central,E4_SIL,E4,SIL,3,11,10,N,,,,,,2.05,12,17,5.8,0,0,0,1,,6,,8,3,0.755,,,42,,10,0,10,0,0,0,0.1,,
2020,dimST256,central,C4_SIL,C4,SIL,3,10,10,N,135,1,8,4.7,6,3.85,7,,,0,0,0,0,,1,,10,6,0.92,18,6.9,81,,5,5,20,0,0,0,10,,
2020,dimST257,central,C4_SIL,C4,SIL,3,10,10,N,,,,,,3.35,6,24,8,0,0,0,1,,6,,11,7,0.954,,,86,,5,5,20,0,0,0,0.1,,
2020,dimST258,central,C4_SIL,C4,SIL,3,10,10,N,,,,,,2.9,13,26,,0,0,0,1,,7,,11,6,0.964,,6.6,116,,10,0,10,0,0,0,10,,
2020,dimST259,central,W3_SIL,W3,SIL,3,4,10,N,105,3,6,6,2,3,1,26,6.85,0,0,0,0,,1,,8.5,3,0.688,,,7,,10,0,10,0,0,0,35,,
2020,dimST260,central,W3_SIL,W3,SIL,3,4,10,N,,,,,,1.9,4,36,,0,0,0,0,,3,,11,5.5,0.705,,7.05,13,,10,0,5,0,0,0,10,,
2020,dimST261,central,W3_SIL,W3,SIL,3,4,10,N,,,,,,1.55,5,,,0,0,0,2,,5,,na,na,0.798,26,7.25,3,,0,0,na,0,0,0,10,,black vein
2020,dimST262,central,W2_SIL,W2,SIL,3,3,10,N,110,1,8,5.7,2,2.35,6,30,9.15,0,0,0,0,,4,,9.5,3,0.778,,,10,,10,0,20,0,0,0,70,,
2020,dimST263,central,W2_SIL,W2,SIL,3,3,10,N,,,,,,1.45,4,,,0,0,0,3,,5,,8,3,0.751,18,6.4,2,,0,25,30,0,0,0,75,,
2020,dimST264,central,W2_SIL,W2,SIL,3,3,10,N,,,,,,3.05,1,46,9.6,0,0,0,1,,8,,11,6.5,0.869,,,20,,10,5,50,0,0,0,65,,
2020,dimST265,central,W4_SIL,W4,SIL,3,1,11,S,115,1,8,4.7,4,2.55,5,38,9.5,0,0,0,0,,5,,8.5,4,0.717,,,7,,20,0,30,0,0,0,40,,
2020,dimST266,central,W4_SIL,W4,SIL,3,1,11,S,,,,,,3.15,2,22,8.3,0,0,0,1,,7,,11,5,0.847,,,13,,20,10,30,0,0,0,35,,
2020,dimST267,central,W4_SIL,W4,SIL,3,1,11,S,,,,,,1.8,4,35,8.5,0,0,0,0,,9,,8,4,0.779,,,11,,30,10,40,0,0,0,35,,
2020,dimST268,central,C3_SIL,C3,SIL,3,2,11,S,120,0,9,3.5,6,3.1,2,,,0,0,0,2,,2,,8.5,6,1.001,22,5.3,37,,0,0,5,0,0,0,0.1,,
2020,dimST269,central,C3_SIL,C3,SIL,3,2,11,S,,,,,,2.85,6,,,0,0,0,2,,3,,8.5,4,0.773,26,6.6,67,,10,5,20,0,0,0,0,,
2020,dimST270,central,C3_SIL,C3,SIL,3,2,11,S,,,,,,2.5,5,,,0,0,0,1,,9,,6.5,4,0.754,20,7,16,,0,5,30,0,0,0,1,,
2020,dimST271,central,C1_SIL,C1,SIL,3,9,11,S,130,1,8,5.7,6,2.2,8,31,7.7,0,0,0,0,lodging,3,,8,4,0.755,,,12,,5,5,5,0,0,0,45,,
2020,dimST272,central,C1_SIL,C1,SIL,3,9,11,S,,,,,,2.2,8,27,7.95,0,0,0,0,,4,,9.5,4,0.728,,,13,,10,5,10,0,0,0,10,,
2020,dimST273,central,C1_SIL,C1,SIL,3,9,11,S,,,,,,2.15,9,29,7.4,0,0,0,6,,5,,6,3,0.933,,,13,,5,0,20,0,0,0,65,,
2020,dimST274,central,C2_SIL,C2,SIL,3,10,11,S,135,0,9,3.9,7,3.05,4,,,0,0,0,2,,1,,9,6,0.929,24,6.15,45,,20,10,30,0,0,0,2,,
2020,dimST275,central,C2_SIL,C2,SIL,3,10,11,S,,,,,,4.35,5,,,0,0,0,0,,2,,10.5,6,1.005,24,6.45,51,,0,0,5,0,0,0,15,,
2020,dimST276,central,C2_SIL,C2,SIL,3,10,11,S,,,,,,3.35,7,26,6.5,0,0,0,0,,8,,12.5,5.5,0.917,,,31,,20,5,5,0,0,0,10,,
2020,dimST277,central,E3_SIL,E3,SIL,3,10,12,N,115,0,9,4.5,5,1.7,1,,,0,0,0,2,,3,,6.5,3,0.846,12,6.9,16,,0,0,5,0,0,0,0.1,,
2020,dimST278,central,E3_SIL,E3,SIL,3,10,12,N,,,,,,1.8,11,15,5.25,0,0,0,0,,5,,9,4,0.743,,,25,,5,0,5,0,0,0,1,,
2020,dimST279,central,E3_SIL,E3,SIL,3,10,12,N,,,,,,2.2,6,18,,0,0,0,2,,7,,7.5,3.5,0.841,,6.05,51,,5,0,5,0,0,0,0,,
2020,dimST280,central,E1_SIL,E1,SIL,3,9,12,N,115,0,9,4.9,5,2.25,13,15,,0,0,0,2,,1,,10,4,0.842,,5.65,35,,10,0,10,0,0,0,2,,
2020,dimST281,central,E1_SIL,E1,SIL,3,9,12,N,,,,,,1.95,8,18,,0,0,0,2,,3,,9,3.5,0.806,,6.2,36,,10,5,5,0,0,0,0,,
2020,dimST282,central,E1_SIL,E1,SIL,3,9,12,N,,,,,,2.45,6,15,5.85,0,0,0,1,,9,,9,4,0.771,,,49,,20,0,5,0,0,0,2,,
2020,dimST283,central,W1_SIL,W1,SIL,3,7,12,N,105,1,8,6,3,2.35,6,33,8.35,0,0,0,0,,7,,10,4,0.754,,,13,,30,5,20,0,0,0,75,,
2020,dimST284,central,W1_SIL,W1,SIL,3,7,12,N,,,,,,2.9,2,21,10,0,0,0,0,,8,,12,5.5,0.875,,,12,,20,10,30,0,0,0,45,,
2020,dimST285,central,W1_SIL,W1,SIL,3,7,12,N,,,,,,2.65,2,27,6.95,0,0,0,0,,9,,9.5,4.5,0.7,,,15,,60,0,20,0,0,0,20,,
2020,dimST286,central,E2_SIL,E2,SIL,3,2,12,N,115,0,9,4.7,5,2,8,,,0,0,0,3,,2,,6,3,0.876,15,5.3,26,,0,0,20,0,0,0,2,,
2020,dimST287,central,E2_SIL,E2,SIL,3,2,12,N,,,,,,2.5,11,18,6.5,0,0,0,2,,3,,9.5,3.5,0.704,,,43,,5,0,10,0,0,0,5,,
2020,dimST288,central,E2_SIL,E2,SIL,3,2,12,N,,,,,,2.45,9,16,4.55,0,0,0,4,,6,,6.5,4,0.684,,,27,,10,5,30,0,0,0,0,,
2020,dimST289,central,C4_SIL,C4,SIL,4,1,13,S,155,0,9,4.3,7,3.15,8,29,,0,0,0,2,,7,,8,5.5,0.978,,6.36,48,,10,0,10,0,0,0,2,,
2020,dimST290,central,C4_SIL,C4,SIL,4,1,13,S,,,,,,2.25,14,20,6.75,0,0,0,2,,8,,10,5,0.937,,,83,,10,0,20,0,0,0,2,,
2020,dimST291,central,C4_SIL,C4,SIL,4,1,13,S,,,,,,4.5,2,21,7.3,0,0,0,1,,9,,8,5,0.919,,,64,,20,5,30,0,0,0,0.5,,
2020,dimST292,central,E1_SIL,E1,SIL,4,2,13,S,140,0,9,4.5,6,2.65,10,,,0,0,0,2,,1,,9,4,0.724,14,7.3,39,,30,5,20,0,0,0,1,,
2020,dimST293,central,E1_SIL,E1,SIL,4,2,13,S,,,,,,3.65,7,20,6.15,0,0,0,3,,3,,12,6,0.681,,,140,,20,0,30,0,0,0,10,,
2020,dimST294,central,E1_SIL,E1,SIL,4,2,13,S,,,,,,2.25,13,21,6.75,0,0,0,1,,5,,10,3.5,0.677,,,20,,10,0,40,0,0,0,5,,
2020,dimST295,central,W4_SIL,W4,SIL,4,4,13,S,100,2,7,4.7,3,2.15,5,35,7.35,0,0,0,5,,2,,10,3.5,0.755,,,8,,30,0,40,0,0,0,35,,
2020,dimST296,central,W4_SIL,W4,SIL,4,4,13,S,,,,,,2.15,1,,,0,0,0,0,,4,,9,4,0.642,27,5.15,4,,50,20,40,0,0,0,35,,
2020,dimST297,central,W4_SIL,W4,SIL,4,4,13,S,,,,,,1.8,3,,,0,0,0,2,,7,,na,na,0.683,na,6.85,3,,0,30,30,0,0,0,70,,
2020,dimST298,central,W2_SIL,W2,SIL,4,5,13,S,75,5,4,4.7,2,3.65,1,29,6.45,0,0,0,0,,1,,10,5,0.858,,,22,,50,0,40,0,0,0,60,,
2020,dimST299,central,W2_SIL,W2,SIL,4,5,13,S,,,,,,2.5,1,,,0,0,0,0,,3,,8.5,4.5,0.597,26,6,6,,0,0,50,0,0,0,25,,
2020,dimST300,central,W2_SIL,W2,SIL,4,5,13,S,,,,,,1.9,1,,,0,0,0,0,,8,,9,4,0.685,28,6.5,3,,0,0,20,0,0,0,65,,
2020,dimST301,central,E2_SIL,E2,SIL,4,7,13,S,140,0,9,4.5,6,2.75,8,,,0,0,0,1,white flowers-e2.29,4,,8,4,0.653,14,7.15,29,,10,0,20,0,0,0,0,,
2020,dimST302,central,E2_SIL,E2,SIL,4,7,13,S,,,,,,2.65,9,19,6.7,0,0,0,0,,5,,7.5,4,0.687,,,31,,0,0,30,0,0,0,0,,
2020,dimST303,central,E2_SIL,E2,SIL,4,7,13,S,,,,,,2.35,10,,,0,0,0,3,,6,,6.5,3.5,0.898,21,6.1,19,,0,0,5,0,0,0,0,,
2020,dimST304,central,C3_SIL,C3,SIL,4,3,14,N,150,0,9,4.5,7,2.75,13,,,0,0,0,2,,1,,8,5,0.914,15,5.95,41,,20,0,30,0,0,0,0.1,,
2020,dimST305,central,C3_SIL,C3,SIL,4,3,14,N,,,,,,2.8,8,,,0,0,0,1,,7,,7.5,4.5,0.853,23,6.55,18,,0,0,20,0,0,0,0.1,,
2020,dimST306,central,C3_SIL,C3,SIL,4,3,14,N,,,,,,2.35,7,,,0,0,0,3,,8,,7.5,5,0.9,19,6.05,34,,5,5,10,0,0,0,0,,
2020,dimST307,central,E4_SIL,E4,SIL,4,3,15,S,135,0,9,5.5,5,2.75,9,,,0,0,0,2,,2,,12.5,5.5,0.804,16,7.1,80,,10,5,10,0,0,0,2,,
2020,dimST308,central,E4_SIL,E4,SIL,4,3,15,S,,,,,,2.85,11,20,6.25,0,0,0,1,,4,,11,5,0.766,,,45,,5,0,20,0,0,0,10,,
2020,dimST309,central,E4_SIL,E4,SIL,4,3,15,S,,,,,,2.15,15,16,5.55,0,0,0,5,,8,,8,4.5,0.758,,,57,,20,0,20,0,0,0,10,,
2020,dimST310,central,W1_SIL,W1,SIL,4,5,15,S,110,2,7,5.3,3,3.15,2,24,8.95,0,0,0,1,,2,,9.5,4,0.912,,,18,,30,0,5,0,0,0,80,,
2020,dimST311,central,W1_SIL,W1,SIL,4,5,15,S,,,,,,2,1,25,6.55,0,0,0,0,,5,,7,4,0.725,,,4,,50,0,10,0,0,0,55,,
2020,dimST312,central,W1_SIL,W1,SIL,4,5,15,S,,,,,,2.3,2,24,9.05,0,0,0,0,,7,,11,5,0.661,,,11,,10,10,5,0,0,0,35,,
2020,dimST313,central,C2_SIL,C2,SIL,4,6,15,S,155,0,9,3.7,7,3.35,10,,,0,0,0,1,,2,,9.5,5,0.994,13,5.35,38,,5,0,20,0,0,0,35,,
2020,dimST314,central,C2_SIL,C2,SIL,4,6,15,S,,,,,,2.8,5,,,0,0,0,1,,4,,7.5,4,0.741,17,6.2,17,,0,0,10,0,0,0,50,,
2020,dimST315,central,C2_SIL,C2,SIL,4,6,15,S,,,,,,3.2,5,,,0,0,0,1,,9,,8,5,1.093,20,7.35,44,,5,5,10,0,0,0,0,,big veins
2020,dimST316,central,C1_SIL,C1,SIL,4,9,16,N,125,0,9,6.3,6,3,3,41,9.05,0,0,0,3,1 plant lodging ,1,,10.5,4,0.954,,,16,,50,5,10,0,0,0,70,,
2020,dimST317,central,C1_SIL,C1,SIL,4,9,16,N,,,,,,2.55,5,29,8.35,0,0,0,1,,2,,10,4.5,0.696,,,20,,30,10,50,0,0,0,5,,
2020,dimST318,central,C1_SIL,C1,SIL,4,9,16,N,,,,,,1.95,9,35,8.85,0,0,0,3,,5,,7.5,4,0.773,,,8,,30,0,60,0,0,0,0,,
2020,dimST319,central,W3_SIL,W3,SIL,4,4,16,N,100,1,7,5.5,3,2,3,,,0,0,0,2,,3,,9.5,4,0.696,18,8,3,,40,0,5,0,0,0,15,,
2020,dimST320,central,W3_SIL,W3,SIL,4,4,16,N,,,,,,1.45,4,21,,0,0,0,1,,6,,7,2.5,0.859,,5.3,13,,40,0,30,0,0,0,45,,
2020,dimST321,central,W3_SIL,W3,SIL,4,4,16,N,,,,,,1.85,6,20,7.35,0,0,0,0,,8,,9,4,0.782,,,13,,30,0,30,0,0,0,35,,
2020,dimST322,central,E3_SIL,E3,SIL,4,1,16,N,125,0,9,3.5,5,1.63,1,18,,0,0,0,1,"position 1-3, maybe replaced? smaller plants",1,,9,4,0.582,,5.5,19,,0,0,5,0,0,0,0,,
2020,dimST323,central,E3_SIL,E3,SIL,4,1,16,N,,,,,,2.35,8,,7.45,0,0,0,2,,4,,8,4,0.726,14,,35,,10,0,10,0,0,0,0,,
2020,dimST324,central,E3_SIL,E3,SIL,4,1,16,N,,,,,,2.25,7,,,0,0,0,1,,9,,7.5,3,0.817,14,5,26,,5,0,5,0,0,0,0,,
2020,dimST325,central,E3_SIL,E3,SIL,5,3,17,S,120,1,8,4.7,5,2.35,7,,,0,0,0,1,,3,,7,3.5,0.85,15,6.65,35,,0,0,10,0,0,0,0,,
2020,dimST326,central,E3_SIL,E3,SIL,5,3,17,S,,,,,,2.85,8,15,7.35,0,0,0,4,,5,,9.5,5,0.983,,,72,,10,0,10,0,0,0,0.5,,
2020,dimST327,central,E3_SIL,E3,SIL,5,3,17,S,,,,,,2.2,1,,,0,0,0,1,,7,,7,4,0.822,18,7.7,33,,10,0,5,0,0,0,0,,
2020,dimST328,central,E1_SIL,E1,SIL,5,5,17,S,115,0,9,4.1,5,2.15,12,,,0,0,0,4,,2,,7,3,0.854,14,6.35,35,,10,0,10,0,0,0,0.1,,
2020,dimST329,central,E1_SIL,E1,SIL,5,5,17,S,,,,,,1.9,7,,,0,0,0,2,,3,,7,3.5,0.717,13,7.5,29,,10,0,10,0,0,0,0.5,,
2020,dimST330,central,E1_SIL,E1,SIL,5,5,17,S,,,,,,2.7,11,22,5.85,0,0,0,3,,9,,10.5,4.5,0.595,,,37,,5,0,20,0,0,0,0,,
2020,dimST331,central,C1_SIL,C1,SIL,5,11,17,S,105,0,7,6,4,1.5,6,20,,0,0,0,2,,6,,na,,,,7.45,3,,60,0,na,0,0,0,100,,
2020,dimST332,central,C1_SIL,C1,SIL,5,11,17,S,,,,,,2.5,5,28,8.35,0,0,0,1,,8,,9.5,3.5,0.7,,,9,,30,40,5,0,0,0,45,,
2020,dimST333,central,C1_SIL,C1,SIL,5,11,17,S,,,,,,1.4,5,32,9.05,0,0,0,0,,9,,na,,,,,5,,20,20,na,0,0,0,100,,
2020,dimST334,central,C2_SIL,C2,SIL,5,11,18,N,120,0,9,3.5,6,3.55,5,,,0,0,0,1,,1,,9,6,0.975,21,7.4,17,,0,30,10,0,0,0,5,,
2020,dimST335,central,C2_SIL,C2,SIL,5,11,18,N,,,,,,2.65,6,,,0,0,0,1,,3,,7,4,0.945,15,6.95,27,,0,20,20,0,0,0,15,,
2020,dimST336,central,C2_SIL,C2,SIL,5,11,18,N,,,,,,2.5,7,,,0,0,0,1,,4,,9,4.5,0.823,16,7.6,24,,0,20,5,0,0,0,15,,
2020,dimST337,central,W2_SIL,W2,SIL,5,9,18,N,90,2,7,5.9,3,2.5,3,34,6,0,0,0,0,,5,,9.5,5,0.868,,,8,,40,10,5,0,0,0,75,,
2020,dimST338,central,W2_SIL,W2,SIL,5,9,18,N,,,,,,1.3,1,,,0,0,0,6,,6,,5,2,0.874,na,4.25,3,,60,0,0,0,0,0,80,,
2020,dimST339,central,W2_SIL,W2,SIL,5,9,18,N,,,,,,1.65,4,40,6.85,0,0,0,1,,9,,10,4,0.886,,,4,,40,50,5,0,0,0,65,,
2020,dimST340,central,E2_SIL,E2,SIL,5,5,18,N,95,2,7,4.5,4,2.85,3,,,0,0,0,1,,1,,7,4,0.706,12,6.4,21,,0,0,30,0,0,0,0,,
2020,dimST341,central,E2_SIL,E2,SIL,5,5,18,N,,,,,,2.05,6,,,0,0,0,2,,2,,6,4,0.805,13,5.45,25,,5,0,10,0,0,0,0,,
2020,dimST342,central,E2_SIL,E2,SIL,5,5,18,N,,,,,,2.75,3,17,,0,0,0,1,,9,,8,4,0.734,15,7.15,45,,10,0,5,0,0,0,0.1,,
2020,dimST343,central,C3_SIL,C3,SIL,5,4,18,N,125,1,7,3.5,5,2.55,7,,,0,0,0,2,,2,,7,4.5,0.77,23,6.4,24,,5,0,20,0,0,0,5,,
2020,dimST344,central,C3_SIL,C3,SIL,5,4,18,N,,,,,,2.75,6,,,0,0,0,2,,4,,8,5.5,0.743,16,6,38,,5,0,5,0,0,0,2,,
2020,dimST345,central,C3_SIL,C3,SIL,5,4,18,N,,,,,,2.65,5,,,0,0,0,1,,8,,8,5,0.937,23,6.65,24,,20,0,10,0,0,0,0,,
2020,dimST346,central,C4_SIL,C4,SIL,5,2,18,N,120,0,9,3.3,5,2.75,6,,,0,0,0,3,,5,,7,4.5,0.937,19,6.9,29,,10,0,5,0,0,0,5,,
2020,dimST347,central,C4_SIL,C4,SIL,5,2,18,N,,,,,,1.95,4,,,0,0,0,2,,7,,8.5,4.5,0.808,24,5.9,20,,0,0,5,0,0,0,0,,
2020,dimST348,central,C4_SIL,C4,SIL,5,2,18,N,,,,,,2.1,5,,,0,0,0,1,,9,,7,4,0.963,20,5.95,15,,5,0,10,0,0,0,1,,
2020,dimST349,central,W3_SIL,W3,SIL,5,2,19,S,95,2,7,5.5,3,1.6,2,,,0,0,0,1,,3,,6.5,3,0.77,na,7.05,3,,60,0,5,0,0,0,60,,
2020,dimST350,central,W3_SIL,W3,SIL,5,2,19,S,,,,,,1.65,2,,,0,0,0,5,,4,,7.5,4.5,0.813,17,4.55,4,,30,10,10,0,0,0,5,,
2020,dimST351,central,W3_SIL,W3,SIL,5,2,19,S,,,,,,1.8,1,31,8.35,0,0,0,0,,9,,9.5,5,0.739,,,8,,30,0,5,0,0,0,15,,
2020,dimST352,central,E4_SIL,E4,SIL,5,4,19,S,100,0,9,4.7,4,2.2,6,22,6.5,0,0,0,0,,2,,7.5,4,0.75,,,42,,10,0,10,0,0,0,2,,
2020,dimST353,central,E4_SIL,E4,SIL,5,4,19,S,,,,,,1.5,6,,,0,0,0,3,,4,,6,3,0.699,11,3.95,11,,0,0,10,0,0,0,0,,
2020,dimST354,central,E4_SIL,E4,SIL,5,4,19,S,,,,,,1.45,6,,,0,0,0,1,,7,,7,3,0.747,16,5.9,16,,5,0,5,0,0,0,5,,
2020,dimST355,central,W4_SIL,W4,SIL,5,9,19,S,95,2,7,4.5,3,1.45,1,,,0,0,0,2,,3,,na,na,0.843,na,na,0,na,na,na,na,0,0,0,80,,
2020,dimST356,central,W4_SIL,W4,SIL,5,9,19,S,,,,,,1.6,4,30,,0,0,0,4,,5,,9,4,0.669,26,6.25,4,,30,0,5,0,0,0,45,,
2020,dimST357,central,W4_SIL,W4,SIL,5,9,19,S,,,,,,1.7,1,,,0,0,0,3,,6,,10,4,0.952,na,na,0,na,na,na,30,0,0,0,20,,ama
2020,dimST358,central,W1_SIL,W1,SIL,5,3,20,N,105,1,7,5.5,3,1.4,3,,,0,0,0,2,,3,,na,na,na,na,3.5,1,,0,0,na,0,0,0,100,,
2020,dimST359,central,W1_SIL,W1,SIL,5,3,20,N,,,,,,2.45,4,32,7.8,0,0,0,0,,8,,na,na,na,,,9,,30,0,na,0,0,0,100,,
2020,dimST360,central,W1_SIL,W1,SIL,5,3,20,N,,,,,,1.5,3,,,0,0,0,1,,9,,na,na,0.638,24,7.1,4,,50,10,na,0,0,0,90,,
2020,dimST361,east,C2_SIL,C2,SIL,1,1,3,L,180,0,9,4.1,8,2.75,5,,,0.1,2,1,1,,3,,8,5,0.955,24,6.3,19,,0,0,5,0.1,2,2,0,,
2020,dimST362,east,C2_SIL,C2,SIL,1,1,3,L,,,,,,2.1,5,,,0.1,2,2,0,,4,,10.5,7,0.885,27,7.15,52,,0,0,20,0.5,2,2,0.1,,
2020,dimST363,east,C2_SIL,C2,SIL,1,1,3,L,,,,,,3.2,4,14,7.5,0.1,2,0,0,,9,,12.5,8,1.008,24,7,67,hcw,0,0,10,0.1,2,1,0.5,,
2020,dimST364,east,E2_SIL,E2,SIL,1,1,8,L,140,0,9,4.5,5,4.4,5,,,0.1,2,0.5,5,,2,,12.5,6,0.831,19,7.05,69,,0,0,10,0.5,2,0.1,0,,
2020,dimST365,east,E2_SIL,E2,SIL,1,1,8,L,,,,,,1.8,9,16,6.65,0.5,3,1,3,,5,,8.5,4.5,0.63,,,21,,0,0,5,0.5,2,0.5,0,,
2020,dimST366,east,E2_SIL,E2,SIL,1,1,8,L,,,,,,1.95,6,15,5.7,0.1,2,0.1,1,,6,,8,5,0.659,,,18,,0,0,5,0.5,2,0.5,0,,
2020,dimST367,east,C3_SIL,C3,SIL,1,2,6,R,165,0,9,4.5,7,2.75,6,,,0.1,2,0.5,2,,3,,8,6,0.922,19,6.65,27,,5,0,20,0.1,2,0.5,0.1,,
2020,dimST368,east,C3_SIL,C3,SIL,1,2,6,R,,,,,,2.65,10,,,0.5,2,1,1,,5,,12.5,6,0.773,15,6.9,43,,5,0,20,0.1,2,2,0.1,,
2020,dimST369,east,C3_SIL,C3,SIL,1,2,6,R,,,,,,2.35,2,,,0.5,2,0.1,2,,7,,8.5,6,1.05,22,7,38,,0,0,30,0.5,2,0.1,0,,
2020,dimST370,east,E3_SIL,E3,SIL,1,2,5,R,145,0,9,4.9,6,2.4,7,,,0.1,2,0.1,3,,2,,12.5,5,0.667,17,5.7,34,,0,0,10,0.1,2,0.5,0,,
2020,dimST371,east,E3_SIL,E3,SIL,1,2,5,R,,,,,,2.2,15,,,0.01,2,0.1,3,,4,,10.5,5,0.811,14,6.7,27,ama,0,0,5,0.1,2,0.5,0.1,light speckling,
2020,dimST372,east,E3_SIL,E3,SIL,1,2,5,R,,,,,,2.15,8,13,5.6,0.5,2,0,2,,6,,10,4.5,0.815,,,24,,0,0,5,0.5,2,0.1,0.1,,
2020,dimST373,east,W3_SIL,W3,SIL,1,2,4,R,155,0,9,5.7,6,2.95,5,,,0,0,0,3,,7,,10,4,0.698,22,8.55,13,ama,10,0,20,0,0,0,45,,
2020,dimST374,east,W3_SIL,W3,SIL,1,2,4,R,,,,,,2.4,5,25,,0,0.1,0,1,,8,,9,6,0.797,,6.15,7,,0,0,20,0,0,0,1,,
2020,dimST375,east,W3_SIL,W3,SIL,1,2,4,R,,,,,,1.8,7,29,7.05,0,0,0,6,,9,,9,3,0.577,,,9,ama,10,0,10,0.01,2,0,0.5,,
2020,dimST376,east,E4_SIL,E4,SIL,1,3,6,L,135,0,9,4.5,6,2.3,10,15,5.6,0.5,2,0.5,1,,5,,8,4.5,0.751,,,37,hcw,0,0,20,0.5,2,0.1,0.1,,
2020,dimST377,east,E4_SIL,E4,SIL,1,3,6,L,,,,,,2.1,11,,,0.1,0.1,0.1,2,,7,,10.5,4.5,0.835,15,7.55,17,,0,0,10,0.1,2,0.5,0.5,,
2020,dimST378,east,E4_SIL,E4,SIL,1,3,6,L,,,,,,2.25,4,15,4.1,0.1,2,0.1,2,,8,,9.5,4.5,0.871,,,23,,0,0,5,0.1,2,0.1,0,,
2020,dimST379,east,W1_SIL,W1,SIL,1,4,7,R,155,0,9,6,7,2.8,10,34,9.95,0.01,2,0.1,2,,3,,11,5.5,0.632,,,16,,20,5,30,0.1,2,0.1,0.5,,
2020,dimST380,east,W1_SIL,W1,SIL,1,4,7,R,,,,,,2.55,9,23,10.25,0.01,2,0.1,2,,4,,10,4.5,0.651,,,8,,10,0,30,0.1,2,0.1,1,,
2020,dimST381,east,W1_SIL,W1,SIL,1,4,7,R,,,,,,2.65,13,22,7.8,0.1,2,1,1,,8,,9.5,5,0.683,,,10,,10,5,30,0,0,2,2,,
2020,dimST382,east,C1_SIL,C1,SIL,1,4,5,R,155,0,9,5.7,6,2.1,9,26,7.3,0.5,2,2,2,,5,,13,6.5,0.633,,,8,,5,0,20,1,2,10,5,,
2020,dimST383,east,C1_SIL,C1,SIL,1,4,5,R,,,,,,2.35,5,,,0.2,2,2,3,,8,,11,5,0.734,24,6.95,9,ama,0,0,10,0.5,0.5,5,10,,
2020,dimST384,east,C1_SIL,C1,SIL,1,4,5,R,,,,,,2.35,11,26,6.3,0.5,2,0.5,3,,9,,9,4,0.787,,,28,ama,20,5,30,0.1,2,1,2,,
2020,dimST385,east,W4_SIL,W4,SIL,1,4,4,R,140,0,9,5.5,6,2.6,8,39,11.45,0.01,2,0.5,1,,2,,11,5,0.637,,,6,ama,0,0,20,0.1,1,0.1,1,,
2020,dimST386,east,W4_SIL,W4,SIL,1,4,4,R,,,,,,2.6,6,,,0.01,1,0.1,2,,4,,11.5,4.5,0.746,31,9.55,5,ama,0,0,40,0,0,0,0.5,,
2020,dimST387,east,W4_SIL,W4,SIL,1,4,4,R,,,,,,1.95,5,,,0,0,0,2,,6,,12,4.5,0.678,26,8.65,4,ama hcw,10,0,40,0.01,1,0.1,1,,
2020,dimST388,east,E1_SIL,E1,SIL,1,6,4,R,135,0,9,3.5,5,1.85,14,,,1,2,0.1,4,,1,,6.5,4,0.776,13,5.5,29,,0,0,20,1,2,2,0.5,,
2020,dimST389,east,E1_SIL,E1,SIL,1,6,4,R,,,,,,2.65,11,,,1,2,2,2,,2,,8.5,5,0.779,16,5.95,22,,0,0,5,1,2,5,2,,
2020,dimST390,east,E1_SIL,E1,SIL,1,6,4,R,,,,,,2.15,11,,,1,3,1,1,,8,,8.5,3.5,0.745,18,5,20,,0,0,5,5,2,2,0,,
2020,dimST391,east,C4_SIL,C4,SIL,1,6,3,R,145,0,9,4.5,5,2.9,7,,,1,2,5,2,,3,,9,6,0.9,28,7.85,47,hcw,0,5,5,1,2,5,0.1,,
2020,dimST392,east,C4_SIL,C4,SIL,1,6,3,R,,,,,,2.05,11,,,2,5,10,1,,8,,8,5,0.873,25,6.5,27,,0,0,10,10,2,15,1,,
2020,dimST393,east,C4_SIL,C4,SIL,1,6,3,R,,,,,,3.45,7,,,0.5,2,2,1,,9,,9,5,0.822,21,6.25,30,,0,20,10,1,2,2,0.5,,
2020,dimST394,east,W2_SIL,W2,SIL,1,6,1,R,150,0,9,5.5,6,2.5,7,35,6.5,0.01,0.5,0.1,0,,1,,11,5,0.66,,,10,,0,0,5,0.1,2,0.1,5,,
2020,dimST395,east,W2_SIL,W2,SIL,1,6,1,R,,,,,,2.85,8,32,8.95,0.01,1,0.1,1,,4,,10.5,5.5,0.655,,,17,,5,5,10,0.1,1,0.1,5,,
2020,dimST396,east,W2_SIL,W2,SIL,1,6,1,R,,,,,,3,11,28,7.65,1,2,0.5,5,,5,,9.5,4.5,0.707,,,14,,10,0,10,0.1,2,0.5,2,,
2020,dimST397,east,C1_SIL,C1,SIL,2,7,8,L,150,0,9,5.5,5,2.5,13,30,8.15,0.1,2,0.1,2,,3,,10.5,4.5,0.795,,,19,,5,5,10,0.1,2,0.1,1,,
2020,dimST398,east,C1_SIL,C1,SIL,2,7,8,L,,,,,,2.8,13,33,6.7,0.01,2,0.1,6,,4,,9.5,4.5,0.704,,,11,ama hcw,5,0,5,0.01,2,0.01,0.1,,
2020,dimST399,east,C1_SIL,C1,SIL,2,7,8,L,,,,,,1.65,1,,,0.1,0.5,0.5,2,,5,,10.5,4.5,0.551,18,4.75,1,,0,0,0,0.1,0.5,0.5,0.1,,
2020,dimST400,east,E4_SIL,E4,SIL,2,8,8,R,140,0,9,4,5,2.3,8,,,0.5,2,0.5,2,,1,,7.5,3.5,0.722,13,5.7,11,,0,0,10,0.5,2,0.1,0,,
2020,dimST401,east,E4_SIL,E4,SIL,2,8,8,R,,,,,,2,5,,,0.5,2,0.1,2,,7,,8,3.5,0.876,15,5.5,24,,0,0,5,0.1,2,1,0.1,,
2020,dimST402,east,E4_SIL,E4,SIL,2,8,8,R,,,,,,2.35,9,,,0.5,2,0.5,2,,9,,8,4.6,0.905,13,5.7,27,,5,0,5,0.5,2,0.1,0.1,,
2020,dimST403,east,W2_SIL,W2,SIL,2,8,3,R,140,0,9,6,5,2.55,7,29,8.55,0.01,0.5,0,1,,4,,9.5,4.5,0.613,,,9,,0,0,5,0,0,0,0.5,,
2020,dimST404,east,W2_SIL,W2,SIL,2,8,3,R,,,,,,2.5,6,33,9.2,0.1,2,0,3,,6,,10,4.5,0.797,,,10,,5,5,5,0.1,2,0.1,1,,
2020,dimST405,east,W2_SIL,W2,SIL,2,8,3,R,,,,,,2.85,6,23,6.45,0.5,0.5,0.1,2,,7,,13.5,6,0.638,,,11,,10,0,20,0.1,0.5,0,0.1,,
2020,dimST406,east,E3_SIL,E3,SIL,2,9,3,L,140,0,9,4,5,2.55,13,16,,0.1,2,1,1,,5,,8.5,4.5,0.673,,6.4,24,,0,0,10,0.5,2,0.1,0.1,,
2020,dimST407,east,E3_SIL,E3,SIL,2,9,3,L,,,,,,2.15,8,,,0.5,2,0.1,1,,6,,9,4,0.829,18,7.3,34,,0,0,5,0.5,0.1,2,0.5,,
2020,dimST408,east,E3_SIL,E3,SIL,2,9,3,L,,,,,,2,7,,,1,2,0.1,3,,9,,9.5,3.5,0.763,14,4.65,31,,0,0,5,5,2,10,0.1,,
2020,dimST409,east,W4_SIL,W4,SIL,2,9,4,L,165,0,9,5.5,7,2.62,9,40,,0.01,1,1,2,,2,,11,6,0.73,,7.25,13,hcw,10,0,10,0,0,0.5,5,,
2020,dimST410,east,W4_SIL,W4,SIL,2,9,4,L,,,,,,2.7,4,31,7.85,0.1,2,0.1,2,,6,,11,4,0.761,,,8,ama,0,0,20,0,0,0,0.5,hypersensitive specks,
2020,dimST411,east,W4_SIL,W4,SIL,2,9,4,L,,,,,,2.35,7,,,0.1,2,0.1,3,,7,,9.5,4,0.68,23,6.7,7,,0,0,20,0.1,1,0.5,1,,
2020,dimST412,east,C2_SIL,C2,SIL,2,9,8,L,155,0,9,3.9,6,2.55,6,,,0.1,0.5,0.1,1,,1,,9.5,5,0.729,21,5.5,38,hcw,0,5,5,0.5,2,0.1,0,hypersensitive 2?,
2020,dimST413,east,C2_SIL,C2,SIL,2,9,8,L,,,,,,2.85,6,,,0.5,0.5,0.1,0,,4,,9,5,0.901,25,6.05,18,,0,5,5,0.1,2,0.1,0.1,,
2020,dimST414,east,C2_SIL,C2,SIL,2,9,8,L,,,,,,3,7,,,0.1,0.1,0.1,1,,5,,11,6,0.866,23,7.55,40,hcw,0,5,30,0.1,2,0.1,0,,
2020,dimST415,east,E1_SIL,E1,SIL,2,10,7,R,135,1,8,4.9,6,2.6,11,17,6.4,1,2,0.5,3,,2,,10,4.5,0.827,,,41,,0,0,30,2,3,1,0.1,,
2020,dimST416,east,E1_SIL,E1,SIL,2,10,7,R,,,,,,2.2,10,,,1,2,1,1,,6,,9,5,0.784,18,6.2,17,,0,0,5,1,2,1,0.5,,
2020,dimST417,east,E1_SIL,E1,SIL,2,10,7,R,,,,,,1.65,9,,,10,3,15,3,,8,,10,4,0.538,na,na,na,,0,0,50,15,3,20,0.1,,
2020,dimST418,east,W3_SIL,W3,SIL,2,10,3,R,150,1,8,6.3,6,2.85,8,24,6.6,0.01,2,1,0,,4,,11.5,6.5,0.708,,,23,,5,0,5,0.1,2,0.5,1,,
2020,dimST419,east,W3_SIL,W3,SIL,2,10,3,R,,,,,,1.85,6,24,6,0.01,0.5,0.1,3,,6,,8,4.5,0.829,,,2,,0,0,5,0.01,2,0.1,5,,
2020,dimST420,east,W3_SIL,W3,SIL,2,10,3,R,,,,,,1.7,7,23,7.6,0,0,0.1,4,,9,,10.5,4.5,0.726,,,6,ama,10,0,10,0.1,2,0.1,1,,
2020,dimST421,east,W1_SIL,W1,SIL,2,10,1,R,140,0,9,5.7,5,2.35,4,26,,0,0,1,1,,1,,9,3.5,0.636,,7.75,3,,0,0,40,0,0.1,2,0,,
2020,dimST422,east,W1_SIL,W1,SIL,2,10,1,R,,,,,,2.1,7,23,8.35,0.5,2,2,1,,6,,11.5,5.5,0.593,,,10,,5,10,30,0.5,2,5,2,,
2020,dimST423,east,W1_SIL,W1,SIL,2,10,1,R,,,,,,2.35,9,26,8.7,0.1,2,5,3,,7,,9,5,0.619,,,11,,5,5,40,0.5,2,5,1,,
2020,dimST424,east,C4_SIL,C4,SIL,2,11,3,L,160,0,9,4.7,7,2.4,7,,,0.5,2,1,2,,4,,8.5,5,0.8,18,6.55,21,,0,0,5,1,2,1,0.1,,
2020,dimST425,east,C4_SIL,C4,SIL,2,11,3,L,,,,,,2.35,8,,,0.5,2,10,2,,5,,8.5,4.5,0.75,23,5.65,24,,0,0,5,0.1,2,1,0.5,,
2020,dimST426,east,C4_SIL,C4,SIL,2,11,3,L,,,,,,2.7,9,,,0.5,2,2,1,,8,,7,4,0.957,21,6.65,27,,0,0,5,0.5,2,1,1,,
2020,dimST427,east,C3_SIL,C3,SIL,2,11,5,L,180,0,9,3.5,8,2.5,8,,,5,2,1,3,,4,,10,5.5,0.868,17,4.9,18,,0,0,10,1,2,1,0,,
2020,dimST428,east,C3_SIL,C3,SIL,2,11,5,L,,,,,,4.85,14,,,0.01,2,2,1,,6,,9,6,0.897,20,4.7,42,hcw,0,0,5,0.1,2,2,0.5,,
2020,dimST429,east,C3_SIL,C3,SIL,2,11,5,L,,,,,,1.85,8,,,0.1,2,2,1,,9,,9,3.5,0.825,16,5.4,11,,0,0,5,1,2,5,0,,
2020,dimST430,east,E2_SIL,E2,SIL,2,11,7,L,135,0,9,3.9,6,2.25,7,,,0.1,2,0.5,4,,2,,8,3,0.851,14,6.15,20,,0,0,20,0.5,2,1,0,,
2020,dimST431,east,E2_SIL,E2,SIL,2,11,7,L,,,,,,1.95,10,,,2,3,5,1,,3,,12,5,0.915,16,7,30,,0,0,5,10,2,2,25,,
2020,dimST432,east,E2_SIL,E2,SIL,2,11,7,L,,,,,,2.5,15,,,1,2,2,1,,9,,10,5,0.727,13,6.1,38,,0,0,10,2,3,2,0.5,,
2020,dimST433,east,E4_SIL,E4,SIL,3,12,8,R,110,0,9,4,4,2.2,6,,,0.1,2,0.5,2,,3,,8,4,0.891,17,5.35,24,,5,0,10,0.5,2,1,0.1,,
2020,dimST434,east,E4_SIL,E4,SIL,3,12,8,R,,,,,,1.85,9,15,,0.2,2,0.5,2,,5,,7,4,0.807,13,6.5,14,,0,0,5,0.1,2,0.1,0,,
2020,dimST435,east,E4_SIL,E4,SIL,3,12,8,R,,,,,,1.9,7,,,0.5,3,0.1,4,,9,,7.5,3,0.896,17,6.15,11,,0,0,9,1,4,2,0,,
2020,dimST436,east,W4_SIL,W4,SIL,3,12,5,R,150,0,9,6.3,6,2.55,8,30,7.75,0,0,0.1,0,,3,,12,4.5,0.639,,,8,ama,10,5,5,0.1,2,0.1,0.1,chloorsis constricted by vein,
2020,dimST437,east,W4_SIL,W4,SIL,3,12,5,R,,,,,,2.95,9,26,8.35,0.01,0.5,0.1,0,,4,,10.5,4,0.638,,,15,ama,10,0,5,0,0,0,0.1,,
2020,dimST438,east,W4_SIL,W4,SIL,3,12,5,R,,,,,,2.75,10,30,,0,0,0,4,,6,,13,6,0.642,,6.75,11,,10,0,10,0.01,1,0.1,2,,
2020,dimST439,east,C2_SIL,C2,SIL,3,12,2,R,150,0,9,5,6,1.95,7,16,5.55,0.1,2,0,0,,2,,9.5,4,0.824,,,15,hcw,5,0,10,0.1,2,0.1,0.1,,
2020,dimST440,east,C2_SIL,C2,SIL,3,12,2,R,,,,,,2.25,9,,,0.5,2,0.5,0,,6,,10.5,5,0.886,23,5.25,33,hcw,0,0,5,0.5,2,1,0.5,,
2020,dimST441,east,C2_SIL,C2,SIL,3,12,2,R,,,,,,3,12,27,6.85,0.01,1,0,0,,7,,10.5,6,0.759,,,21,hcw,0,0,5,0,0,0,0.1,,
2020,dimST442,east,C3_SIL,C3,SIL,3,12,1,R,140,0,9,3.7,5,2.75,7,,,0.1,0.5,0.5,1,,3,,8,3.5,0.876,19,5.55,32,,0,0,10,0.1,2,0,0,,
2020,dimST443,east,C3_SIL,C3,SIL,3,12,1,R,,,,,,2.5,2,,,0.1,0.5,0,7,,5,,7,4,0.882,17,5.55,34,,0,5,5,0.01,2,0.1,0.1,,
2020,dimST444,east,C3_SIL,C3,SIL,3,12,1,R,,,,,,2.55,9,,,0.1,0.5,0.5,6,,7,,8.5,4,0.992,19,6.15,24,,0,0,0,0.1,2,0.1,0.1,,
2020,dimST445,east,C1_SIL,C1,SIL,3,13,2,L,145,0,9,6,5,2.4,11,32,5.8,0.1,2,0.1,4,,2,,9.4,4,0.78,,,5,ama,10,5,10,0.5,2,0.1,0.1,,
2020,dimST446,east,C1_SIL,C1,SIL,3,13,2,L,,,,,,2.15,13,,,0.01,2,0.1,3,,4,,9,3.5,0.838,30,5.75,6,,5,5,10,0.01,2,0.1,0.5,,
2020,dimST447,east,C1_SIL,C1,SIL,3,13,2,L,,,,,,2.1,7,34,6.15,0.5,2,0.1,4,,9,,7.5,3.5,0.801,,,5,hcw,10,0,10,0.5,2,0.1,0.1,,
2020,dimST448,east,W3_SIL,W3,SIL,3,13,4,L,150,0,9,6.5,6,2.15,7,25,6.15,0,0,0.1,5,,1,,8,3,0.853,,,4,,20,0,20,0,0,0.5,0.1,bronzing? black vein ,
2020,dimST449,east,W3_SIL,W3,SIL,3,13,4,L,,,,,,2.5,8,26,,0,0,0,4,,7,,12,4,0.755,,8.2,10,,10,5,30,0,0,0,0.5,,
2020,dimST450,east,W3_SIL,W3,SIL,3,13,4,L,,,,,,2.75,8,27,8.1,0,0,0.1,6,,9,,10,3.5,0.751,,,11,,5,0,20,0.01,2,0.1,0.5,,
2020,dimST451,east,W2_SIL,W2,SIL,3,15,3,L,140,0,9,5.7,5,1.95,8,31,10.4,0.1,2,0.1,2,,2,,11,3.5,0.789,,,9,,5,0,10,0.1,2,0.1,0.1,,
2020,dimST452,east,W2_SIL,W2,SIL,3,15,3,L,,,,,,2.1,8,,,0.01,2,0.5,5,,3,,11.5,4,0.753,16,6.55,11,,10,0,30,0.1,2,0.1,0.1,,
2020,dimST453,east,W2_SIL,W2,SIL,3,15,3,L,,,,,,2.7,6,23,8.05,0.05,2,0.5,6,,7,,8.5,4,0.769,,,8,,20,0,20,0.5,2,0.1,0.1,,
2020,dimST454,east,E3_SIL,E3,SIL,3,15,5,L,130,0,9,4,5,2.1,5,,,0.01,2,0.1,1,,1,,6.5,3.5,0.75,14,0.6,16,,0,0,5,0.1,0.1,0.1,0.5,,
2020,dimST455,east,E3_SIL,E3,SIL,3,15,5,L,,,,,,2.15,17,13,5.85,0.01,2,0.5,3,,6,,9.5,4,0.827,,,34,,0,0,10,0.1,2,0.1,0.5,,
2020,dimST456,east,E3_SIL,E3,SIL,3,15,5,L,,,,,,2.5,11,15,,0.1,3,2,5,,8,,8.5,4,0.921,,0.48,31,,0,0,10,0.1,3,2,1,,
2020,dimST457,east,W1_SIL,W1,SIL,3,16,8,R,115,0,9,5,4,2.9,6,26,7.85,0.1,0.5,0.1,4,,2,,10,5.5,0.818,,,17,,10,0,10,0.1,0.5,0.1,0.1,,
2020,dimST458,east,W1_SIL,W1,SIL,3,16,8,R,,,,,,2.8,8,,,0,0,0.1,4,,4,,8.5,4,0.959,25,7.95,12,ama,5,0,10,0.5,3,0.5,0.5,,
2020,dimST459,east,W1_SIL,W1,SIL,3,16,8,R,,,,,,2.35,7,,,0.1,1,0.5,3,,9,,9.5,4,0.79,24,8,12,ama,0,0,10,0.1,2,0.1,1,,
2020,dimST460,east,E2_SIL,E2,SIL,3,16,5,R,125,0,9,3.5,5,2,5,,,0.5,2,2,2,,2,,8,4,0.821,22,5.75,23,,0,0,20,0.5,2,2,0.5,,
2020,dimST461,east,E2_SIL,E2,SIL,3,16,5,R,,,,,,1.8,7,,,1,2,5,2,,7,,9.5,4,0.814,13,4.7,17,,0,0,5,1,2,2,0,,
2020,dimST462,east,E2_SIL,E2,SIL,3,16,5,R,,,,,,1.64,11,,,1,3,10,0,,8,,7,3,0.554,13,5.95,15,,0,0,5,1,3,10,0.1,,
2020,dimST463,east,E1_SIL,E1,SIL,3,16,3,R,120,0,9,3.7,5,2,8,,,0.5,2,0.5,1,,5,,9,3.5,0.627,10,5.35,19,,0,0,10,0.5,2,0.1,0.1,,
2020,dimST464,east,E1_SIL,E1,SIL,3,16,3,R,,,,,,1.8,9,,,0.5,3,0.1,1,,6,,10,5,0.682,19,5.3,23,,0,0,10,2,2,0.1,0.5,,
2020,dimST465,east,E1_SIL,E1,SIL,3,16,3,R,,,,,,2.9,12,,,0.1,2,0.1,1,,8,,9,3.5,0.88,16,6.15,37,,0,0,5,0.1,2,0.1,0,,
2020,dimST466,east,C4_SIL,C4,SIL,3,16,2,R,135,1,8,4,4,2.25,4,,,0.1,2,0.1,4,,1,,7.5,4,0.756,27,6.4,29,hcw,0,0,5,0.1,1,0.1,0.1,,
2020,dimST467,east,C4_SIL,C4,SIL,3,16,2,R,,,,,,2.75,6,,,0.5,2,0.5,2,,7,,8.5,5,0.96,17,5.95,35,,0,0,10,0.5,2,0.5,5,,
2020,dimST468,east,C4_SIL,C4,SIL,3,16,2,R,,,,,,2.9,6,,,0.1,2,0.5,4,,9,,9.5,4.5,0.957,28,6.85,29,,0,0,5,0.5,2,1,0.5,,
2020,dimST469,east,E1_SIL,E1,SIL,4,17,6,L,125,0,9,4.5,5,2.5,11,,,0.5,2,1,1,,1,,8.5,4.5,0.79,19,6.1,19,,0,0,10,0.5,2,1,0.1,,
2020,dimST470,east,E1_SIL,E1,SIL,4,17,6,L,,,,,,2.4,10,,,1,2,2,3,,8,,8.5,4.5,0.759,17,6.7,20,,0,0,10,2,2,0.5,0,,
2020,dimST471,east,E1_SIL,E1,SIL,4,17,6,L,,,,,,1.85,6,18,,5,3,0.5,1,,9,,7.5,4.5,0.802,14,6.5,22,,0,0,5,5,3,5,0,,
2020,dimST472,east,C4_SIL,C4,SIL,4,17,7,L,150,0,9,4.7,6,2.6,8,,,0.5,2,5,1,,3,,7,4.5,0.87,22,5.65,25,,5,5,5,0.5,2,2,0.5,,
2020,dimST473,east,C4_SIL,C4,SIL,4,17,7,L,,,,,,2.9,8,20,5.25,0.5,2,1,1,,6,,10.5,6,0.875,,,62,,0,5,10,0.1,2,0.5,0,,
2020,dimST474,east,C4_SIL,C4,SIL,4,17,7,L,,,,,,1.95,4,,,0.1,2,0.5,5,,7,,8,4,0.698,17,6.55,12,,0,0,5,0.5,2,1,0.5,,
2020,dimST475,east,E4_SIL,E4,SIL,4,17,8,L,110,0,9,4.5,4,1.95,4,,,2,3,2,0,,2,,8,3.5,0.808,13,5.85,13,,0,0,40,2,2,2,0.1,,
2020,dimST476,east,E4_SIL,E4,SIL,4,17,8,L,,,,,,2.35,10,,,0.1,2,0,0,,5,,8,4.5,0.77,14,5.8,24,,0,0,2,0.5,2,1,0,,
2020,dimST477,east,E4_SIL,E4,SIL,4,17,8,L,,,,,,1.55,7,,,0.5,2,5,1,,7,,7.5,3.5,0.993,14,6.15,20,,0,0,5,1,2,5,0,,
2020,dimST478,east,E2_SIL,E2,SIL,4,18,6,R,110,0,9,5.7,4,2.05,10,,,0.5,2,0.5,2,,2,,8,4,0.842,16,6.2,11,,0,0,10,0.5,2,0.5,0,,
2020,dimST479,east,E2_SIL,E2,SIL,4,18,6,R,,,,,,2.45,25,14,6.5,0,0,0,2,,4,,12,4.5,0.833,,,53,,0,0,5,0,0,0,0.1,,
2020,dimST480,east,E2_SIL,E2,SIL,4,18,6,R,,,,,,1.5,10,,,10,3,15,3,,8,,9,3,0.704,14,3.95,8,,40,0,5,10,3,40,10,,
2020,dimST481,east,C2_SIL,C2,SIL,4,18,4,R,150,0,9,3.9,6,3.5,6,,,0,0,0,1,,1,,11,5,0.924,16,6.35,24,hcw,0,0,10,0,0,0,0,,
2020,dimST482,east,C2_SIL,C2,SIL,4,18,4,R,,,,,,3.6,12,,,0,0,0,1,,2,,10.5,5.5,0.919,23,7.85,34,hcw,0,5,10,0,0,0,0.1,,
2020,dimST483,east,C2_SIL,C2,SIL,4,18,4,R,,,,,,3.25,11,,,0,0,0,0,,5,,8,4,0.744,22,7.8,15,hcw,0,5,5,0,0,0,0.1,,
2020,dimST484,east,W2_SIL,W2,SIL,4,18,2,R,110,0,9,6.5,5,2.25,6,24,7.85,0.01,2,0,6,,6,,10,4,0.784,,,12,,0,0,10,0.1,2,0,5,,
2020,dimST485,east,W2_SIL,W2,SIL,4,18,2,R,,,,,,1.55,4,,,0.1,2,0,7,,7,,8,3,0.862,27,7.65,8,,0,0,10,0.1,2,0.1,0.5,,
2020,dimST486,east,W2_SIL,W2,SIL,4,18,2,R,,,,,,2.3,5,30,8,0,0,0,1,,9,,9,4,0.918,,,7,,5,0,5,0.01,2,0.1,0.5,,
2020,dimST487,east,W3_SIL,W3,SIL,4,19,7,L,135,0,9,6.7,6,2.15,13,22,6.6,0.01,0.5,1,5,,2,,7,1.5,0.776,,,4,,30,0,30,0,0,0,1,,
2020,dimST488,east,W3_SIL,W3,SIL,4,19,7,L,,,,,,2.25,10,22,6.7,0.1,2,5,5,,3,,9,4,0.657,,,6,hcw,10,0,50,0,0,2,1,,
2020,dimST489,east,W3_SIL,W3,SIL,4,19,7,L,,,,,,2.8,10,30,7.4,0.01,1,0.5,0,,8,,11.5,4.5,0.616,,,8,ama,5,0,20,0.5,2,1,2,,
2020,dimST490,east,E3_SIL,E3,SIL,4,20,8,R,105,1,8,3.9,4,1.65,13,,,1,3,5,4,,3,,8,3,0.41,13,6.15,12,,0,0,10,5,3,5,1,,
2020,dimST491,east,E3_SIL,E3,SIL,4,20,8,R,,,,,,2.3,6,13,5.25,0.5,2,1,1,,7,,8,4.5,0.833,,,34,,0,0,20,0.5,2,2,0,,
2020,dimST492,east,E3_SIL,E3,SIL,4,20,8,R,,,,,,2.25,10,,,0.5,2,1,4,,9,,9,3.5,0.663,14,5.25,45,,0,0,10,1,2,2,0,,
2020,dimST493,east,W4_SIL,W4,SIL,4,20,4,R,105,0,9,4,4,1.45,2,,,0.01,2,0,3,,1,,7,3,0.6,25,7.7,1,ama,0,0,30,0.1,2,0,0,,
2020,dimST494,east,W4_SIL,W4,SIL,4,20,4,R,,,,,,2.3,6,25,6.45,0,0,0,4,,5,,9.5,3.5,0.663,,,10,ama hcw,5,0,30,0,0,0.5,0.5,,
2020,dimST495,east,W4_SIL,W4,SIL,4,20,4,R,,,,,,1.85,2,,,0.1,2,0,2,,6,,12,5,0.72,22,2.5,1,,0,0,10,0.1,2,0.1,0,,
2020,dimST496,east,C1_SIL,C1,SIL,4,21,6,L,120,1,8,6,5,1.9,9,21,6.95,0.5,2,10,4,,5,,7.5,4,0.794,,,10,,0,0,30,0.5,2,10,0.1,,
2020,dimST497,east,C1_SIL,C1,SIL,4,21,6,L,,,,,,2,11,30,7.25,2,2,20,3,,7,,10,4.5,0.773,,,10,,0,0,20,0.5,2,20,0.5,,
2020,dimST498,east,C1_SIL,C1,SIL,4,21,6,L,,,,,,2.45,8,26,8.3,1,2,15,4,,8,,10.5,3.5,0.724,,,16,,5,0,10,0.5,2,15,0.1,,
2020,dimST499,east,W1_SIL,W1,SIL,4,22,8,R,100,0,9,5,5,2.05,4,,,0.5,2,2,5,,1,,9,4,0.771,18,6.55,6,,5,0,10,0.5,2,1,0.1,,
2020,dimST500,east,W1_SIL,W1,SIL,4,22,8,R,,,,,,2.15,8,,,0.1,2,5,5,,4,,9,2.5,0.824,25,7.85,7,,10,0,40,0.5,2,2,0,,
2020,dimST501,east,W1_SIL,W1,SIL,4,22,8,R,,,,,,2.4,9,33,9.3,1,2,5,0,,9,,12,5.5,0.747,,,8,,10,0,10,0.5,2,10,0.1,,
2020,dimST502,east,C3_SIL,C3,SIL,4,22,6,R,150,0,9,3.5,6,2.95,7,,,0.5,2,5,2,,1,,8.6,4.5,1.49,18,5.5,39,,0,0,10,0.5,2,10,0,,
2020,dimST503,east,C3_SIL,C3,SIL,4,22,6,R,,,,,,2.75,9,,,0.05,2,0.1,2,,2,,8.5,4.5,0.816,28,7.35,13,,0,0,5,0.1,2,0.1,0.1,,
2020,dimST504,east,C3_SIL,C3,SIL,4,22,6,R,,,,,,2.4,10,,,0.5,2,5,6,,4,,8,4.5,1.026,25,4.85,26,,0,5,20,0.5,2,10,0.2,,
2020,dimST505,east,E4_SIL,E4,SIL,5,23,3,L,120,0,9,3.9,5,2.1,4,,,0.1,2,5,2,,1,,8,3.5,0.769,20,5.95,14,,0,0,5,0.1,2,2,0,,
2020,dimST506,east,E4_SIL,E4,SIL,5,23,3,L,,,,,,2.35,9,,,0.1,2,0.1,2,,3,,9,9.5,0.653,20,6.3,20,hcw,0,0,10,0.1,2,0.1,0.1,,
2020,dimST507,east,E4_SIL,E4,SIL,5,23,3,L,,,,,,1.8,6,13,4.25,0.5,2,0.5,1,,9,,10,3.5,0.816,,,15,,0,0,5,0.5,2,1,0,,
2020,dimST508,east,W1_SIL,W1,SIL,5,23,4,L,125,0,9,6,5,2.7,8,24,8.3,0.1,2,0.1,4,,4,,11,6,0.818,,,18,hcw,10,0,20,0,0,0.1,0.1,,
2020,dimST509,east,W1_SIL,W1,SIL,5,23,4,L,,,,,,2.4,7,27,5.7,0.01,2,0.1,0,,6,,12,5.5,0.656,,,7,,5,0,5,0,0,0,0.5,,
2020,dimST510,east,W1_SIL,W1,SIL,5,23,4,L,,,,,,2.5,4,28,8.15,0.01,1,0.1,3,,7,,12.5,5.5,0.851,,,13,,10,0,20,0.1,2,0.1,0.5,,
2020,dimST511,east,E1_SIL,E1,SIL,5,23,6,L,120,1,8,4.5,5,2.1,9,,,1,3,1,2,,1,,11,4.5,0.741,14,3.85,44,,5,5,20,15,3,2,0.5,,
2020,dimST512,east,E1_SIL,E1,SIL,5,23,6,L,,,,,,2.1,7,18,4.25,0.5,2,2,5,,3,,10,4.5,0.849,,,25,,5,0,10,1,3,1,0,,
2020,dimST513,east,E1_SIL,E1,SIL,5,23,6,L,,,,,,2.05,5,,,2,2,5,3,,5,,10,5,0.699,21,4.55,28,,0,0,20,1,2,1,0.5,,
2020,dimST514,east,W3_SIL,W3,SIL,5,24,3,R,125,1,8,5.5,5,2.2,7,,,0.01,2,0.5,6,,2,,11.5,3,0.644,21,6.5,5,ama,0,0,30,0,0,0,0.5,,
2020,dimST515,east,W3_SIL,W3,SIL,5,24,3,R,,,,,,1.55,4,,,0.1,2,0.1,2,,4,,8.5,4.5,0.724,15,7.65,8,,0,0,10,0.1,2,0.1,1,,
2020,dimST516,east,W3_SIL,W3,SIL,5,24,3,R,,,,,,2.55,8,,,0,0,0,2,,6,,9,3.5,0.6,23,5.35,2,,0,0,10,0,0,0.1,0.1,,
2020,dimST517,east,W4_SIL,W4,SIL,5,24,2,R,140,0,9,4.5,4,2.5,7,,,0.01,2,0,3,,2,,10.5,5.5,0.65,30,7.35,11,ama,0,0,20,0,0,0.5,5,,
2020,dimST518,east,W4_SIL,W4,SIL,5,24,2,R,,,,,,1.75,5,,,0.1,2,0.1,5,,6,,11,5,0.83,23,7.15,1,,0,0,5,0,0,0.1,0.5,,
2020,dimST519,east,W4_SIL,W4,SIL,5,24,2,R,,,,,,1.65,4,,,0,0,0,4,,7,,9.5,4.5,0.679,21,7,5,,10,0,10,0.5,2,0.1,1,,
2020,dimST520,east,C3_SIL,C3,SIL,5,25,1,L,140,0,9,5,6,2.35,8,,,0.1,2,0.5,2,,3,,7,3,0.924,20,6.01,10,hcw,0,0,5,0.1,2,0.5,0.1,,
2020,dimST521,east,C3_SIL,C3,SIL,5,25,1,L,,,,,,1.8,4,,,0.5,2,1,2,,8,,6,3,0.912,17,6.25,13,hcw,0,0,5,0.1,2,0.5,0,,
2020,dimST522,east,C3_SIL,C3,SIL,5,25,1,L,,,,,,2.35,8,,,0.1,1,0.1,3,,9,,7,3.5,0.919,14,5.65,15,hcw,0,0,20,0.1,2,0.1,0,,
2020,dimST523,east,W2_SIL,W2,SIL,5,25,4,L,140,0,9,5.5,5,2.5,9,,,0.01,2,0.1,1,,1,,9.5,4,0.643,20,5.15,9,,10,0,20,0,0,0.1,0.5,,
2020,dimST524,east,W2_SIL,W2,SIL,5,25,4,L,,,,,,2,5,30,,0.01,2,0,1,,4,,10,5,0.647,,6.75,6,,0,0,30,0,0,0.5,0.1,,
2020,dimST525,east,W2_SIL,W2,SIL,5,25,4,L,,,,,,2.5,5,31,9.82,0,0,0,5,,9,,11,5.5,0.733,,,7,,10,0,50,0,0,0,0.1,,
2020,dimST526,east,E2_SIL,E2,SIL,5,25,6,L,130,1,8,3.5,6,2.05,8,,,0.5,2,5,1,,1,,8.5,4.5,0.639,16,5.05,47,,0,0,5,0.5,3,15,0,,
2020,dimST527,east,E2_SIL,E2,SIL,5,25,6,L,,,,,,2.35,10,,,0.1,2,0.5,1,,2,,8,4.5,0.731,18,6.95,39,,5,0,10,0.1,2,1,1,,
2020,dimST528,east,E2_SIL,E2,SIL,5,25,6,L,,,,,,2.45,17,,,0.01,2,0.1,0,,4,,11,5.5,0.922,13,5.3,17,,10,0,20,0,0,0,0.1,,
2020,dimST529,east,C4_SIL,C4,SIL,5,26,8,R,130,1,8,3.9,5,1.7,9,20,5.85,0.5,2,2,1,,5,,11,6.5,0.909,,,20,,0,0,10,0.5,2,1,0,,
2020,dimST530,east,C4_SIL,C4,SIL,5,26,8,R,,,,,,1.8,6,,,0.5,2,2,2,,7,,7.5,4,0.865,21,7.3,11,,0,0,5,1,2,0.5,0.1,,
2020,dimST531,east,C4_SIL,C4,SIL,5,26,8,R,,,,,,1.85,8,,,1,2,5,2,,9,,6.5,4,0.834,23,6.65,14,,0,0,10,0.5,2,2,0.5,,
2020,dimST532,east,E3_SIL,E3,SIL,5,26,7,R,135,0,9,4,5,1.75,11,,,0.5,2,10,2,,3,,8,3.5,0.673,13,6.5,9,,0,0,5,0.5,2,5,0.5,,
2020,dimST533,east,E3_SIL,E3,SIL,5,26,7,R,,,,,,2.25,10,,,0.5,2,1,1,,8,,9,5.5,0.942,15,5.05,26,,0,0,10,0.1,2,0.5,0.5,,
2020,dimST534,east,E3_SIL,E3,SIL,5,26,7,R,,,,,,1.95,10,,,0.5,2,0.5,5,,9,,8.5,3.5,1.078,15,4.65,33,,0,0,10,1,2,1,0,,
2020,dimST535,east,C2_SIL,C2,SIL,5,26,3,R,160,0,9,3.9,7,3.8,8,,,0.05,2,0.5,1,,2,,10.5,5.5,0.846,20,7,40,hcw,0,0,10,0,0,0.1,0.5,,
2020,dimST536,east,C2_SIL,C2,SIL,5,26,3,R,,,,,,3.85,9,,,0.01,2,0,2,,4,,10,6,0.842,32,6.55,43,hcw,0,0,5,0,0,0,0.1,,
2020,dimST537,east,C2_SIL,C2,SIL,5,26,3,R,,,,,,3.05,11,,,0,0,0,0,,7,,10,6,0.835,26,6.25,37,hcw,5,0,10,0,0,0,0.1,,
2020,dimST538,east,C1_SIL,C1,SIL,5,27,7,L,135,0,9,6.5,6,1.45,3,,,1,2,20,3,,1,,9,4,0.792,na,8.4,1,,0,0,10,2,2,15,2,,
2020,dimST539,east,C1_SIL,C1,SIL,5,27,7,L,,,,,,2.35,7,32,8.1,1,2,15,1,,2,,11,4,0.627,,,10,,0,0,30,1,2,15,0.1,,
2020,dimST540,east,C1_SIL,C1,SIL,5,27,7,L,,,,,,2,15,26,8.7,1,2,10,1,,9,,12.5,4.5,0.687,,,8,,5,0,10,2,2,30,0.1,,