year,UniqueID_dim,Planting_Location,plot_id,source_prairie,species,rep,row,column,directionheading,height_JUL,death_JUL,no_bolting_JUL,grwth_stg_JUL,vigor_JUL,stem_dia_mm_JUL,num_stems_JUL,max_lig_JUL,disc_dia_JUL,pssev_JUL,PSLERES_JUL,STEMPS_JUL,CLV_JUL,notes_JUL,random_num,plant_death,lf_lgth_AU,lf_width_AUG,lf_thcknss_AUG,maxlig_AUG,disc_dia_AUG,num_flwrs_single_stlk_AUG,herb_other_AUG,Floral_herb_AUG,GALLWASP_AUG,leaf_herb_AUG,pssev_AUG,PSLERES_AUG,STEMPS_AUG,lf_blotch_AUG,dis_other_AUG,Notes_AUG,Harv_numheads,Harv_filledsds,Harv_unfilledsds,Harv_sd_wt_g,Harv_Notes
2021,dimST1,west,C2_SIL,C2,SIL,1,1,1,N,135,1,8,3.5,5,6.7,10,,,0,0,0,1,,3,,10.5,5.5,0.988,,,1,ama,,,30,0,0,0,1,,,0,0,0,0,
2021,dimST2,west,C2_SIL,C2,SIL,1,1,1,N,,,,,,8,7,,,5,3,1,1,,5,,9,6.5,0.796,,,3,ama,,,50,,,,,,,0,0,0,0,
2021,dimST3,west,C2_SIL,C2,SIL,1,1,1,N,,,,,,5.9,6,,,0.5,2,0.5,2,,8,,6.5,3,0.799,,10.52,6,ama,60,0,0,,,,,,,5,0,46,0,
2021,dimST4,west,E3_SIL,E3,SIL,1,4,1,N,105,0,9,3.7,5,4.3,21,13,11.9,2,3,0,3,,3,,7.5,3.5,0.955,,,12,ama,40,0,10,,,,,,,5,40,15,0.38,
2021,dimST5,west,E3_SIL,E3,SIL,1,4,1,N,,,,,,4.5,17,,,5,2,5,2,,7,,6.5,3,0.766,12,9.8,10,ama,30,0,10,,,,,,,5,13,35,0.1,
2021,dimST6,west,E3_SIL,E3,SIL,1,4,1,N,,,,,,5.1,19,,,0.5,1,0.1,2,,9,,7.5,3,0.727,,7.94,3,,90,0,10,,,,,,,5,3,41,0.03,
2021,dimST7,west,W1_SIL,W1,SIL,1,5,1,N,120,0,9,4.3,4,6.5,16,13,10.8,5,4,2,1,,1,,8,4,0.76,,,6,,100,0,30,10,2,5,15,,,5,28,50,0.55,
2021,dimST8,west,W1_SIL,W1,SIL,1,5,1,N,,,,,,5.5,8,16,13.7,2,3,2,7,,2,,6.5,2.5,1.074,,,3,,90,0,40,5,2,2,5,,,0,0,0,0,
2021,dimST9,west,W1_SIL,W1,SIL,1,5,1,N,,,,,,9.54,9,,,10,2,2,5,,6,,9,3.5,1.14,na,na,2,ama,100,0,50,10,2,5,10,,,1,0,10,0,
2021,dimST10,west,W4_SIL,W4,SIL,1,7,1,N,130,1,8,3.7,5,4.2,3,,,20,3,5,6,,2,,10,2.5,1.386,,,0,ama,,,100,10,2,10,30,,,0,0,0,0,
2021,dimST11,west,W4_SIL,W4,SIL,1,7,1,N,,,,,,6,8,,,10,3,2,8,,5,,6,2,1.2,,11.11,2,ama,50,0,50,5,2,5,2,,,0,0,0,0,
2021,dimST12,west,W4_SIL,W4,SIL,1,7,1,N,,,,,,5.3,6,,,2,2,1,1,,8,,11,6,0.96,22,14.88,13,,100,0,60,15,3,2,15,,,5,1,72,0.01,
2021,dimST13,west,W3_SIL,W3,SIL,1,8,1,N,120,1,8,4.5,5,4.5,7,20,11.2,1,2,2,9,,3,,7,2,0.783,,,3,,70,0,30,10,2,10,10,,,4,4,47,0.05,
2021,dimST14,west,W3_SIL,W3,SIL,1,8,1,N,,,,,,4.7,10,16,13.7,0.5,2,2,7,,4,,9,1.5,0.86,,,1,,100,0,50,15,2,10,20,,,1,2,10,0.02,
2021,dimST15,west,W3_SIL,W3,SIL,1,8,1,N,,,,,,4.6,12,21,20.4,2,2,5,8,,6,,8.5,3,0.955,,,2,ama,100,0,80,2,2,2,15,,,4,26,44,0.33,
2021,dimST16,west,W2_SIL,W2,SIL,1,12,1,N,110,1,8,3.7,4,5.3,7,,,1,2,1,6,,5,,8,2,1.25,,,1,ama,,,30,2,2,2,35,,,3,0,43,0,
2021,dimST17,west,W2_SIL,W2,SIL,1,12,1,N,,,,,,3.4,7,,,1,3,1,7,,7,,6,1.5,1.117,,,0,ama,,,80,2,2,2,30,,,0,0,0,0,
2021,dimST18,west,W2_SIL,W2,SIL,1,12,1,N,,,,,,4,8,,18.3,1,2,2,7,,8,,7.5,2.5,0.92,,,1,ama,100,0,30,5,2,5,50,,,3,0,61,0,
2021,dimST19,west,E4_SIL,E4,SIL,1,11,2,S,105,1,8,3.7,6,3.9,27,,,0.5,2,0.5,2,,2,,7,2.5,0.955,,,1,ama,90,0,20,5,2,10,35,,,0,0,0,0,
2021,dimST20,west,E4_SIL,E4,SIL,1,11,2,S,,,,,,4.8,22,14,12.8,0.5,2,0.1,2,,4,,9,4.5,0.846,,,1,,70,0,20,1,2,0.5,15,,,5,21,37,0.14,
2021,dimST21,west,E4_SIL,E4,SIL,1,11,2,S,,,,,,3.6,13,,,2,2,5,2,,6,,8,3,0.838,,,2,,50,0,30,10,2,15,20,,,2,0,24,0,
2021,dimST22,west,C3_SIL,C3,SIL,1,10,2,S,125,1,8,3.5,6,6,4,17,13.5,0.5,2,2,2,,2,,10,4,1.15,,,8,,20,0,20,1,2,5,5,,,5,32,63,0.27,
2021,dimST23,west,C3_SIL,C3,SIL,1,10,2,S,,,,,,1.7,1,,,0,0,0,1,,4,,6.5,2,0.556,,,0,ama,,,100,0,0,0,50,,,0,0,0,0,
2021,dimST24,west,C3_SIL,C3,SIL,1,10,2,S,,,,,,6.2,10,,,0.5,2,2,2,,7,,6,4,0.927,,8.64,8,,50,0,20,2,2,15,25,,,5,30,41,0.27,
2021,dimST25,west,C1_SIL,C1,SIL,1,1,3,N,120,1,8,5.1,5,4.5,15,,,5,4,5,3,,1,,11.5,3.5,0.937,,,1,ama,100,0,80,15,2,20,25,,,3,12,47,0.17,
2021,dimST26,west,C1_SIL,C1,SIL,1,1,3,N,,,,,,5.9,14,,14.8,1,2,1,7,,2,,9.5,4,0.976,,,1,,100,0,60,5,2,5,30,,,1,2,7,0.04,
2021,dimST27,west,C1_SIL,C1,SIL,1,1,3,N,,,,,,5.1,15,21,11.5,1,2,1,7,,8,,7.5,3,0.82,,,3,ama,100,0,40,5,2,10,10,,,5,40,44,0.46,
2021,dimST28,west,C4_SIL,C4,SIL,1,9,3,N,145,1,8,4.1,6,4.9,9,,,2,2,2,,,3,,6,2.5,0.88,,,1,,60,0,50,0.5,2,5,2,,,4,11,33,0.09,
2021,dimST29,west,C4_SIL,C4,SIL,1,9,3,N,,,,,,6.8,11,,,3,5,3,,,4,,7.5,4,0.932,,,0,ama,,,30,5,2,5,2,,,0,0,0,0,
2021,dimST30,west,C4_SIL,C4,SIL,1,9,3,N,,,,,,7.7,17,,,2,0.2,2,,,8,,7.5,4,0.933,17,11.54,15,,60,0,60,2,2,2,30,,,5,51,39,0.68,
2021,dimST31,west,E2_SIL,E2,SIL,1,10,3,N,105,1,8,3.5,5,4.5,3,,,2,2,2,,,2,,8,3,0.601,16,8.06,6,,50,0,20,2,2,5,1,,,5,36,35,0.32,
2021,dimST32,west,E2_SIL,E2,SIL,1,10,3,N,,,,,,3.8,6,,,0,0,2,,,5,,8.5,3.5,0.872,14,10.49,8,,30,0,10,0,0,0,25,,,5,27,24,0.18,
2021,dimST33,west,E2_SIL,E2,SIL,1,10,3,N,,,,,,4.9,14,,,0,0,2,,,9,,8.5,3.5,0.972,20,10.07,6,ama,90,0,10,0,0,0,10,,,5,3,55,0.02,
2021,dimST34,west,E1_SIL,E1,SIL,1,11,3,N,105,2,7,3.7,5,3.9,19,,,0,0,2,,,3,,8.5,3,0.925,,9.38,6,,80,0,20,0,0,0,10,,,5,5,48,0.03,
2021,dimST35,west,E1_SIL,E1,SIL,1,11,3,N,,,,,,6.2,11,,,0,0,1,,,7,,9.5,4.5,0.856,15,10.86,17,,70,0,10,0,0,0,2,,,5,30,35,0.31,
2021,dimST36,west,E1_SIL,E1,SIL,1,11,3,N,,,,,,4.3,3,,,0,0.1,2,,,8,,9,2,0.518,,,0,ama,na,na,100,0,0,0,15,,,0,0,0,0,
2021,dimST37,west,E3_SIL,E3,SIL,2,11,4,N,110,1,8,3.9,5,4.9,14,,,0,0,0,3,,3,,8,2.5,0.96,,10.5,13,,70,0,10,0,0,0,10,,,5,45,27,0.4,
2021,dimST38,west,E3_SIL,E3,SIL,2,11,4,N,,,,,,5.3,2,,,0,0,0,1,,5,,9.5,3,0.871,,10.37,2,,20,0,70,0,0,0,2,,,2,4,17,0.03,
2021,dimST39,west,E3_SIL,E3,SIL,2,11,4,N,,,,,,2.5,12,,,0.1,0.2,0,1,,7,,9,4,0.984,9,11.57,14,ama,50,0,10,0,0,0,2,,,5,47,40,0.67,
2021,dimST40,west,W3_SIL,W3,SIL,2,10,5,S,125,1,8,4.5,5,7,7,27,15.9,2,2,5,1,,2,,8,3.5,0.796,,,7,,70,0,60,10,2,10,10,,,5,38,72,0.55,
2021,dimST41,west,W3_SIL,W3,SIL,2,10,5,S,,,,,,5.7,9,,,5,2,2,6,,3,,8,1.5,0.826,,,2,ama,50,0,90,10,2,10,15,,,1,10,12,0.15,
2021,dimST42,west,W3_SIL,W3,SIL,2,10,5,S,,,,,,4.6,7,,,5,2,0.1,2,,8,,9,4,1.053,18,11.72,4,ama,80,0,80,15,2,2,40,,,5,16,39,0.3,
2021,dimST43,west,C4_SIL,C4,SIL,2,8,5,S,120,1,8,3.9,5,5.3,8,,,5,2,2,1,,6,,,,,,,,,,,,,,,,,probs died,0,0,0,0,
2021,dimST44,west,C4_SIL,C4,SIL,2,8,5,S,,,,,,5.5,5,,,2,2,1,2,,7,,10,4.5,1.012,17,12.59,11,,20,0,10,2,2,5,2,,,5,56,22,0.79,
2021,dimST45,west,C4_SIL,C4,SIL,2,8,5,S,,,,,,6.2,12,,,0.5,1,2,3,,8,,8.5,4,0.733,17,14.91,20,,40,0,30,1,2,2,1,,,5,55,19,0.67,
2021,dimST46,west,E4_SIL,E4,SIL,2,6,5,S,105,1,8,3.7,5,,,,,,,,,,2,d,,,,,,0,,,,,,,,,,,0,0,0,0,
2021,dimST47,west,E4_SIL,E4,SIL,2,6,5,S,,,,,,4.1,16,,,1,2,0.2,3,,4,,10,3,1.048,12,8.22,0,ama,80,0,30,5,2,6,0,,,5,25,33,0.27,
2021,dimST48,west,E4_SIL,E4,SIL,2,6,5,S,,,,,,4.6,11,,,1,2,1,6,,5,,11,2,0.77,,,0,ama,na,na,100,na,na,na,na,,,0,0,0,0,
2021,dimST49,west,W2_SIL,W2,SIL,2,3,5,S,140,1,8,5.1,6,6.1,14,27,12.4,5,3,10,8,,1,,7.5,2.5,1.5,,,2,ama,90,0,80,10,2,2,na,,"na for blotch - no leaves, cant tell why",3,10,53,0.11,
2021,dimST50,west,W2_SIL,W2,SIL,2,3,5,S,,,,,,5.5,5,,,15,3,10,3,,6,,8,2.5,0.671,,,0,ama,90,0,50,20,3,20,25,,,0,0,0,0,
2021,dimST51,west,W2_SIL,W2,SIL,2,3,5,S,,,,,,5.3,14,,,5,3,5,3,,7,,8,4,0.866,,,3,ama,90,10,60,10,2,10,5,,,5,11,122,0.17,
2021,dimST52,west,C2_SIL,C2,SIL,2,1,6,N,125,1,8,3.7,5,3.5,6,,,0,0,0.1,2,,2,,,,,,,3,,60,0,100,,,,,,,2,8,11,0.04,
2021,dimST53,west,C2_SIL,C2,SIL,2,1,6,N,,,,,,7.3,8,,,1,2,1,1,,4,,8.5,4,0.759,,,5,ama,,,90,2,15,2,2,,,0,0,0,0,
2021,dimST54,west,C2_SIL,C2,SIL,2,1,6,N,,,,,,7.6,9,16,12.4,0,0,0,4,,5,,10,4.5,0.937,,,6,,80,0,100,0,0,0,2,,,5,28,46,0.34,
2021,dimST55,west,E1_SIL,E1,SIL,2,2,6,N,115,1,8,3.9,5,5.7,14,,,0,0,0,4,,3,,8,3.5,1.03,14,8.93,7,,90,0,10,0,0,0,1,,,5,12,41,0.12,
2021,dimST56,west,E1_SIL,E1,SIL,2,2,6,N,,,,,,4.1,11,,,0.5,2,1,2,,8,,6,2.5,0.719,14,7.66,11,,100,0,30,0.5,2,1,5,,,5,22,24,0.33,
2021,dimST57,west,E1_SIL,E1,SIL,2,2,6,N,,,,,,5.2,11,11.7,14,0,0,0,3,,9,,7,4,0.714,,,11,,50,0,10,0,0,0,25,,,5,38,35,0.45,
2021,dimST58,west,E2_SIL,E2,SIL,2,5,6,N,105,1,8,3.5,5,4,32,,,1,2,2,2,,1,,6,2.5,0.647,,10.05,1,ama,60,0,50,1,2,2,0,,,5,4,52,0.04,
2021,dimST59,west,E2_SIL,E2,SIL,2,5,6,N,,,,,,4.3,13,,,0.5,2,2,1,,7,,7.5,3.5,0.737,,8.12,13,,70,0,30,1,2,0.5,0,,,5,0,55,0,
2021,dimST60,west,E2_SIL,E2,SIL,2,5,6,N,,,,,,4.1,7,26,14.1,0,0,0,0,perfoliatum hybrid pics taken eric peace sign,8,,,,,,,1,,100,0,100,,,,,,,3,0,42,0,
2021,dimST61,west,C3_SIL,C3,SIL,2,6,6,N,120,1,8,3.5,5,6.6,8,,,1,2,0.5,2,,2,,8,4,1.028,,6.02,5,,60,0,30,0.5,2,5,5,,,1,7,3,0.02,
2021,dimST62,west,C3_SIL,C3,SIL,2,6,6,N,,,,,,5.9,7,,,0,0,2,2,,5,,8,4,0.777,,9.4,3,ama,50,0,50,0,0,0,30,,,2,0,25,0,
2021,dimST63,west,C3_SIL,C3,SIL,2,6,6,N,,,,,,5.3,6,,,1,0,2,3,,6,,6,2.5,0.893,10,7.35,4,,90,0,50,2,2,20,,,,4,6,41,0.04,
2021,dimST64,west,C1_SIL,C1,SIL,2,7,6,N,115,3,6,5.3,5,4.9,8,20,12.7,5,2,5,6,,2,d21,,,,,,2,,,,,10,2,5,na,,,3,0,46,0,
2021,dimST65,west,C1_SIL,C1,SIL,2,7,6,N,,,,,,8.3,13,,19.4,5,3,10,1,,4,,9,4,0.877,27,,4,,60,10,40,10,2,25,na,,,5,19,71,0.38,
2021,dimST66,west,C1_SIL,C1,SIL,2,7,6,N,,,,,,4.4,22,,18.7,5,3,2,0,,7,,7,3.5,0.938,,,2,ama,50,10,100,10,2,15,20,,,5,35,99,0.35,
2021,dimST67,west,W4_SIL,W4,SIL,2,9,6,N,130,1,8,4.5,6,5.6,8,,,1,2,5,2,,3,,,,,,,2,,,,100,,,,,,,3,0,27,0,
2021,dimST68,west,W4_SIL,W4,SIL,2,9,6,N,,,,,,6.9,12,,,1,2,1,4,,5,,10,4,1.04,,,3,,100,0,20,5,2,5,20,,,5,26,89,0.61,
2021,dimST69,west,W4_SIL,W4,SIL,2,9,6,N,,,,,,6.2,9,,,5,3,1,6,,6,,7,2.5,0.913,,12.63,4,ama,90,0,40,15,3,2,40,,,5,10,62,0.07,
2021,dimST70,west,W1_SIL,W1,SIL,2,10,6,N,120,1,8,4.3,5,6.1,5,,,10,4,5,4,,2,,7.5,4,0.903,21,18.7,5,,90,10,40,25,3,2,45,,,5,32,46,0.58,
2021,dimST71,west,W1_SIL,W1,SIL,2,10,6,N,,,,,,5,3,,,1,2,1,2,,5,,9,4,0.823,, ,4,,90,10,60,1,2,2,20,,,5,15,51,0.26,
2021,dimST72,west,W1_SIL,W1,SIL,2,10,6,N,,,,,,4.9,6,,,1,2,2,2,,9,,9,3,0.963,,11.81,3,,90,0,50,2,2,5,25,,,5,0,41,0,
2021,dimST73,west,E3_SIL,E3,SIL,3,4,7,N,115,1,8,4.1,6,4.6,26,,,0.5,2,0.5,4,,4,,7,3,0.809,,12.46,7,ama,60,0,30,0,0,0,5,,,3,9,39,0.1,
2021,dimST74,west,E3_SIL,E3,SIL,3,4,7,N,,,,,,4.8,20,,,0.5,2,1,4,,6,,6,2.5,0.778,,10.19,5,,20,0,40,1,2,2,0,,,5,35,23,0.32,
2021,dimST75,west,E3_SIL,E3,SIL,3,4,7,N,,,,,,4.9,23,,,0,0,0,2,,8,,8,3,0.875,12,10.77,9,,60,0,20,0,0,0,5,,,5,29,45,0.26,
2021,dimST76,west,W4_SIL,W4,SIL,3,7,7,N,125,1,8,3.7,5,6.6,5,,,10,2,2,2,,6,,9.5,3.5,0.809,,12.78,8,ama,50,0,100,15,3,5,15,,,5,50,54,0.61,
2021,dimST77,west,W4_SIL,W4,SIL,3,7,7,N,,,,,,6.5,4,,,10,2,5,6,,7,,,,,,12.42,3,,,,,,,,,,,0,0,0,0,
2021,dimST78,west,W4_SIL,W4,SIL,3,7,7,N,,,,,,5.8,11,,,5,2,5,3,,9,,8.5,3,0.828,na,na,0,ama,na,na,90,10,2,10,45,,,0,0,0,0,
2021,dimST79,west,W2_SIL,W2,SIL,3,9,7,N,140,1,8,5.1,5,6.1,12,,,5,3,5,1,,4,,8,3,0.809,14,9.05,9,,90,0,50,10,2,10,15,,,5,31,55,0.6,
2021,dimST80,west,W2_SIL,W2,SIL,3,9,7,N,,,,,,5.9,6,,,10,3,5,6,,5,,8,3,0.78,,8.57,7,,100,0,70,15,3,5,30,,,0,0,0,0,
2021,dimST81,west,W2_SIL,W2,SIL,3,9,7,N,,,,,,6.4,13,,,2,2,5,2,,6,,7.5,3,0.833,18,12.04,3,,80,0,60,5,2,10,50,,,5,30,102,0.37,
2021,dimST82,west,E4_SIL,E4,SIL,3,12,7,N,115,1,8,3.9,5,4.2,12,,,5,2,5,2,,2,,6,2,0.693,,,0,ama,,,10,,,,,,,0,0,0,0,
2021,dimST83,west,E4_SIL,E4,SIL,3,12,7,N,,,,,,4.6,16,,,5,2,5,2,,3,,8,2.5,1,13,7.52,15,,60,0,30,2,3,15,0,,,7,25,57,0.32,
2021,dimST84,west,E4_SIL,E4,SIL,3,12,7,N,,,,,,5.6,17,,,1,2,2,1,,5,,7.5,3.5,0.878,14,10.55,6,ama,50,0,20,1,2,5,1,,,5,20,51,0.25,
2021,dimST85,west,E2_SIL,E2,SIL,3,10,8,S,120,1,8,3.9,6,4.3,7,,,2,2,5,1,,5,d21,,,,,,0,,,,,,,,,,,0,0,0,0,
2021,dimST86,west,E2_SIL,E2,SIL,3,10,8,S,,,,,,5.7,31,,,0,0,0,2,,6,,6,2.5,0.656,18,11.29,11,,50,0,20,0,0,0,0,,,5,39,41,0.46,
2021,dimST87,west,E2_SIL,E2,SIL,3,10,8,S,,,,,,5.8,25,,,1,2,2,2,,9,,5,3,0.775,13,9.89,13,,50,0,40,2,2,2,2,,,5,19,46,0.24,
2021,dimST88,west,C4_SIL,C4,SIL,3,7,8,S,125,3,7,4.1,4,5.2,13,,,0.5,0.5,2,2,,2,,9,4,0.967,15,10.29,10,,60,0,30,2,2,25,na,,,5,36,42,0.42,
2021,dimST89,west,C4_SIL,C4,SIL,3,7,8,S,,,,,,6.3,6,,,1,2,5,2,,3,d21,,,,,,,,,,,,,,,,,0,0,0,0,
2021,dimST90,west,C4_SIL,C4,SIL,3,7,8,S,,,,,,2.7,8,,,5,2,5,na,tiny,9,,5,2,0.641,0,,,,na,na,na,na,na,,,,,0,0,0,0,
2021,dimST91,west,W1_SIL,W1,SIL,3,5,8,S,140,3,7,4.1,5,6.6,13,,11.7,10,2,2,1,,3,,8,4,0.686,,12.21,2,ama,90,10,60,20,2,20,65,,,5,37,49,0.76,
2021,dimST92,west,W1_SIL,W1,SIL,3,5,8,S,,,,,,5.9,8,,,2,2,5,3,,5,,6,2.5,0.869,,,2,,80,20,60,15,2,10,25,,,2,10,28,0.13,
2021,dimST93,west,W1_SIL,W1,SIL,3,5,8,S,,,,,,6.2,17,,,0,0,0,3,,9,,8,3,0.74,28,10.05,13,,90,0,30,0,0,0,25,,,5,83,41,1.24,
2021,dimST94,west,E1_SIL,E1,SIL,3,3,8,S,110,1,8,3.9,5,4.1,19,,,0,0,0,2,,2,,6,2.5,0.643,,,0,ama,50,0,70,0,0,0,0,,,4,0,46,0,
2021,dimST95,west,E1_SIL,E1,SIL,3,3,8,S,,,,,,5.8,17,,,0,0,0,1,,4,,9,3,0.728,,7.29,2,ama,50,0,80,0,0,0,1,,,5,2,58,0.02,
2021,dimST96,west,E1_SIL,E1,SIL,3,3,8,S,,,,,,4.5,6,,,0.5,2,1,4,,5,,na,,,,na,,,na,na,na,,,na,,,,0,0,0,0,
2021,dimST97,west,C3_SIL,C3,SIL,3,2,9,N,120,1,8,3.5,5,6.5,9,,,2,2,10,2,,2,,8,3,0.906,,,3,,40,0,40,2,2,10,1,,,5,33,53,0.35,
2021,dimST98,west,C3_SIL,C3,SIL,3,2,9,N,,,,,,7.7,18,,,0.1,1,0,4,,6,,6,3,1.05,,,2,ama,30,0,40,0,0,0,na,,,5,34,55,0.3,
2021,dimST99,west,C3_SIL,C3,SIL,3,2,9,N,,,,,,5.5,11,,,2,2,5,2,,7,,6,3,0.867,,,2,,60,0,80,2,3,10,na,,,2,0,10,0,
2021,dimST100,west,C1_SIL,C1,SIL,3,3,9,N,120,3,6,5.5,4,5.4,9,,,10,3,5,3,,3,d21,,,,,,,,,,,,,,,,,1,0,10,0,
2021,dimST101,west,C1_SIL,C1,SIL,3,3,9,N,,,,,,,,,,,,,,,5,d,,,,,,,,,,,,,,,,,0,0,0,0,
2021,dimST102,west,C1_SIL,C1,SIL,3,3,9,N,,,,,,6.2,8,,,15,3,5,2,,7,,6.5,2.5,0.872,,,1,ama,,,90,10,2,10,15,,,0,0,0,0,
2021,dimST103,west,C2_SIL,C2,SIL,3,7,9,N,135,1,8,3.5,6,7.5,5,,,2,2,5,1,,4,,8,4,0.886,,,2,,100,0,50,5,2,10,2,,,4,0,22,0,
2021,dimST104,west,C2_SIL,C2,SIL,3,7,9,N,,,,,,6.4,7,,,0,0,0,1,,8,,6,3.5,0.789,,9.98,3,,50,0,60,0,0,0,20,,,1,0,0,0,
2021,dimST105,west,C2_SIL,C2,SIL,3,7,9,N,,,,,,5.5,14,,,0.5,2,1,2,,9,,6.5,3,0.929,25,10.69,1,,70,0,50,0.5,0.1,2,,,,5,2,53,0.01,
2021,dimST106,west,W3_SIL,W3,SIL,3,10,9,N,135,1,8,5.3,5,7.1,11,,12.12,10,2,10,2,,3,,7,3,0.8,,,8,ama,100,0,60,20,2,10,10,,,5,0,61,0,
2021,dimST107,west,W3_SIL,W3,SIL,3,10,9,N,,,,,,7.9,10,19,12.8,5,4,1,3,,5,,8,4,0.72,,,5,ama,50,0,60,15,3,2,20,,,3,10,46,0.18,
2021,dimST108,west,W3_SIL,W3,SIL,3,10,9,N,,,,,,5,13,26,15.2,2,2,5,9,,8,,6.5,1.5,0.668,,,3,,80,0,80,10,2,5,20,,,5,43,70,0.68,
2021,dimST109,west,W4_SIL,W4,SIL,4,1,10,N,125,1,8,3.5,5,5.3,12,,,10,2,5,5,,2,,10,3.5,0.869,,11.47,4,ama,100,0,90,5,2,5,10,,,4,12,90,0.16,
2021,dimST110,west,W4_SIL,W4,SIL,4,1,10,N,,,,,,5.7,12,,,20,2,2,3,,4,,10.5,4.5,0.846,24,14.94,3,ama,70,20,70,5,2,10,20,,,5,13,68,0.26,
2021,dimST111,west,W4_SIL,W4,SIL,4,1,10,N,,,,,,6.4,3,,,5,2,10,3,,7,,6,2,0.657,,10.37,1,ama,50,0,100,2,2,10,75,,gs 3.9,1,7,10,0.07,
2021,dimST112,west,C2_SIL,C2,SIL,4,11,11,S,140,1,8,3.9,6,5.3,13,,,0.01,0.5,0,2,,1,,3,1.5,0.881,,11.81,5,,0,0,100,,,,,,,0,0,0,0,
2021,dimST113,west,C2_SIL,C2,SIL,4,11,11,S,,,,,,7.5,19,,,0,0,0,2,,4,,6,3.5,0.974,25,12.84,5,,70,0,60,0,0,0,5,,,5,19,104,0.22,
2021,dimST114,west,C2_SIL,C2,SIL,4,11,11,S,,,,,,10.5,17,,,0,0,0,2,,5,,8.5,4.5,0.816,16,9.89,20,,40,0,60,0,0,0,5,,,5,46,32,0.7,
2021,dimST115,west,C3_SIL,C3,SIL,4,9,11,S,140,1,8,3.9,6,6.3,20,,,0.1,2,0.1,2,,1,,8.5,5,0.95,18,11.28,13,,50,0,30,0.1,2,5,25,,,5,67,20,0.74,
2021,dimST116,west,C3_SIL,C3,SIL,4,9,11,S,,,,,,5.6,12,,,0,0,0,3,,4,,6,5,0.646,13,7.47,6,,70,0,20,0,0,0,5,,,5,17,50,0.12,
2021,dimST117,west,C3_SIL,C3,SIL,4,9,11,S,,,,,,9.3,12,,,1,2,1,3,,9,,11,5,0.808,16,10.54,12,,50,0,20,2,2,5,10,,,5,71,76,1,
2021,dimST118,west,C4_SIL,C4,SIL,4,7,11,S,100,3,6,3.5,4,,,,,,,,,,6,d,,,,,,,,,,,,,,,,,0,0,0,0,
2021,dimST119,west,C4_SIL,C4,SIL,4,7,11,S,,,,,,,,,,,,,,,7,d,,,,,,,,,,,,,,,,,0,0,0,0,
2021,dimST120,west,C4_SIL,C4,SIL,4,7,11,S,,,,,,,,,,,,,,,8,d,,,,,,,,,,,,,,,,,0,0,0,0,
2021,dimST121,west,W3_SIL,W3,SIL,4,5,11,S,135,1,8,5.3,5,7.3,14,19,14.5,10,2,10,3,,4,,8,5,0.575,,,8,,90,10,70,10,2,10,30,,,5,42,63,0.67,
2021,dimST122,west,W3_SIL,W3,SIL,4,5,11,S,,,,,,6,8,,,5,2,5,2,,5,,8,2,0.64,,,0,ama,,,100,10,2,10,na,,,0,0,0,0,
2021,dimST123,west,W3_SIL,W3,SIL,4,5,11,S,,,,,,6.9,10,,,35,3,10,6,,8,,9,3,1.6,,,2,,100,0,90,45,3,15,15,,,2,0,12,0,
2021,dimST124,west,W2_SIL,W2,SIL,4,4,11,S,135,1,8,5.1,5,7.2,7,,,60,4,15,7,,6,d21,,,,,,,,,,,,,,,,,0,0,0,0,
2021,dimST125,west,W2_SIL,W2,SIL,4,4,11,S,,,,,,5.6,10,,,40,3,15,3,,7,d21,,,,,,,,,,,,,,,,,0,0,0,0,
2021,dimST126,west,W2_SIL,W2,SIL,4,4,11,S,,,,,,8.5,6,,,35,3,15,2,,9,,7,3,0.7,,7.47,2,,70,0,99,30,2,25,25,,,2,0,19,0,
2021,dimST127,west,E3_SIL,E3,SIL,4,2,11,S,110,1,8,3.7,5,3.1,21,,,0.5,2,2,2,,2,,7,3,0.587,13,8.73,1,,50,0,90,0.5,2,2,20,,,1,1,12,0.01,
2021,dimST128,west,E3_SIL,E3,SIL,4,2,11,S,,,,,,5.8,27,,,0,0,0,2,,3,,7,3,0.795,,6.85,3,ama,80,0,90,0,0,0,na,,,5,12,59,0.06,
2021,dimST129,west,E3_SIL,E3,SIL,4,2,11,S,,,,,,,,,,,,,,,5,d,,,,,,,,,,,,,,,,,0,0,0,0,
2021,dimST130,west,E4_SIL,E4,SIL,4,2,12,N,105,1,8,3.9,5,5.4,10,18,4.3,0.5,2,1,2,,4,,9,4,0.839,,,3,,90,0,70,0.5,2,20,10,,,4,12,33,0.13,
2021,dimST131,west,E4_SIL,E4,SIL,4,2,12,N,,,,,,4.8,7,,,1,2,2,2,,8,d21,,,,,,1,,,,,,,,,,,0,0,0,0,
2021,dimST132,west,E4_SIL,E4,SIL,4,2,12,N,,,,,,5.8,15,,,5,2,5,2,,9,d,,,,,,,,,,,,,,,,,0,0,0,0,
2021,dimST133,west,E1_SIL,E1,SIL,4,3,12,N,120,1,8,4.5,5,4.3,30,,,0,0,0,2,,1,,8.5,3.5,0.77,,,4,ama,80,0,60,0,0,0,5,,,5,0,26,0,
2021,dimST134,west,E1_SIL,E1,SIL,4,3,12,N,,,,,,6.8,16,,,1,2,1,2,,3,,7,3,0.706,,9.71,7,,80,0,90,0.5,2,1,1,,,5,16,53,0.21,
2021,dimST135,west,E1_SIL,E1,SIL,4,3,12,N,,,,,,6.4,24,,,0,0,0,2,,6,,7,3,0.793,16,12.08,6,,70,0,40,0,0,0,10,,,5,29,54,0.37,
2021,dimST136,west,C1_SIL,C1,SIL,4,4,12,N,125,5,4,3.9,4,7.4,18,21,9.1,2,3,5,3,,3,,6.5,3,0.937,23,12.3,13,,90,10,80,10,2,5,15,,,5,45,68,0.87,
2021,dimST137,west,C1_SIL,C1,SIL,4,4,12,N,,,,,,7.4,5,,,5,3,3,1,virus x head size,5,,7,2.5,0.683,,,1,,50,0,50,5,2,5,25,,,0,0,0,0,
2021,dimST138,west,C1_SIL,C1,SIL,4,4,12,N,,,,,,,,,,,,,,,7,d,,,,,,,,,,,,,,,,,0,0,0,0,
2021,dimST139,west,W1_SIL,W1,SIL,4,6,12,N,140,1,8,4.9,5,7.6,3,,,10,3,10,4,,4,d21,,,,,,,,,,,,,,,,,0,0,0,0,
2021,dimST140,west,W1_SIL,W1,SIL,4,6,12,N,,,,,,5.4,5,,,10,2,10,3,,7,,7,2.5,0.829,,,1,,100,0,80,25,3,10,15,,,1,0,13,0,
2021,dimST141,west,W1_SIL,W1,SIL,4,6,12,N,,,,,,6.7,6,,,5,2,5,5,,8,,9.5,3,0.744,19,12.79,2,ama,70,0,60,5,2,5,10,,,2,6,5,0.05,
2021,dimST142,west,E2_SIL,E2,SIL,4,7,12,N,110,3,6,3.7,5,5.4,22,,,2,2,5,2,,1,,5.5,2,0.776,,,1,,80,0,80,,,,,,,2,0,15,0,
2021,dimST143,west,E2_SIL,E2,SIL,4,7,12,N,,,,,,,,,,,,,,,4,d,,,,,,,,,,,,,,,,,0,0,0,0,
2021,dimST144,west,E2_SIL,E2,SIL,4,7,12,N,,,,,,4.8,18,,,2,2,5,2,,9,,6.5,3.5,0.756,16,11.51,7,,80,0,60,5,3,10,10,,,5,25,65,0.35,
2021,dimST145,west,W1_SIL,W1,SIL,5,1,13,N,120,1,8,4.5,5,7.4,10,,,2,2,2,8,,6,,6,2.5,0.68,,7.41,4,ama,100,0,60,2,5,5,20,,,0,0,0,0,
2021,dimST146,west,W1_SIL,W1,SIL,5,1,13,N,,,,,,7.8,12,,,25,3,5,1,,7,,8.5,4,0.671,,6.89,7,ama,100,20,70,15,3,20,20,,,5,18,68,0.25,
2021,dimST147,west,W1_SIL,W1,SIL,5,1,13,N,,,,,,7.9,7,,,15,2,10,7,,8,,7,3.5,0.814,,4.45,1,ama,70,0,70,10,2,5,10,,,2,0,10,0,
2021,dimST148,west,C4_SIL,C4,SIL,5,2,13,N,135,5,4,4.3,5,6.1,25,21,13.6,0.5,2,2,2,,3,,9,3.5,1.01,,,14,hcw,70,0,60,2,2,10,5,,,5,45,83,0.41,
2021,dimST149,west,C4_SIL,C4,SIL,5,2,13,N,,,,,,,,,,,,,,,5,d,,,,,,,,,,,,,,,,,0,0,0,0,
2021,dimST150,west,C4_SIL,C4,SIL,5,2,13,N,,,,,,6.8,8,,,1,2,2,3,,8,,7,4,0.922,19,10.96,8,,50,0,50,2,2,2,15,,,3,19,55,0.21,
2021,dimST151,west,W3_SIL,W3,SIL,5,6,13,N,125,2,7,5.1,5,5.3,7,,,2,2,2,6,,2,,7,3.5,1.97,10,12.17,5,ama,100,0,70,10,2,10,20,,,5,0,65,0,
2021,dimST152,west,W3_SIL,W3,SIL,5,6,13,N,,,,,,6.8,12,,,1,2,1,8,,3,,7,2,0.747,13,9.34,4,ama,90,0,60,5,2,2,5,,,5,58,25,0.39,
2021,dimST153,west,W3_SIL,W3,SIL,5,6,13,N,,,,,,4.6,9,,,5,2,2,4,,8,,7,3,0.85,,7.59,2,ama,100,0,90,,,,,,,2,3,16,0.04,
2021,dimST154,west,C3_SIL,C3,SIL,5,9,13,N,140,1,8,3.7,5,5.2,7,,,2,2,10,3,,7,d21,,,,,,,,,,,,,,,,,0,0,0,0,
2021,dimST155,west,C3_SIL,C3,SIL,5,9,13,N,,,,,,6.8,10,,,5,2,10,2,,8,,9,3.5,1.05,13,12.72,10,,80,0,50,2,2,5,2,,THROW OUT ENV,5,16,48,0.36,
2021,dimST156,west,C3_SIL,C3,SIL,5,9,13,N,,,,,,7.3,9,22,13.2,0,0,0,5,,9,,7,3.5,0.974,,,9,,60,0,30,0,0,0,1,,,5,44,43,0.41,
2021,dimST157,west,C2_SIL,C2,SIL,5,11,13,N,140,2,7,3.9,6,6.9,19,,,1,2,2,2,,2,,7,4.5,0.866,,11.13,7,,50,0,60,2,3,10,15,,,5,33,30,0.48,
2021,dimST158,west,C2_SIL,C2,SIL,5,11,13,N,,,,,,6,11,,,5,2,5,2,,4,,7,3.5,0.929,23,13.09,5,,40,0,30,1,2,15,20,,,5,90,22,1.09,
2021,dimST159,west,C2_SIL,C2,SIL,5,11,13,N,,,,,,5.3,2,,,1,2,1,1,,6,,8.5,3.5,0.694,,12.09,2,,0,0,90,0.5,2,5,2,,,0,0,0,0,
2021,dimST160,west,E4_SIL,E4,SIL,5,12,13,N,105,1,8,3.5,5,4.5,17,,,0,0,0,2,,1,,8,3.5,0.651,13,7.59,9,,90,0,20,0,0,0,20,,,5,21,56,0.19,
2021,dimST161,west,E4_SIL,E4,SIL,5,12,13,N,,,,,,6.7,20,,,0,0,0,2,"hypersensitive marks, no pustulation",4,,6.5,3.5,0.953,,7.4,2,ama,70,0,20,0,0,0,2,,,0,0,0,0,
2021,dimST162,west,E4_SIL,E4,SIL,5,12,13,N,,,,,,4.1,22,,,0,0,0,2,,7,,8,3.5,0.846,,6.39,5,ama,90,0,20,0,0,0,10,,,5,11,61,0.1,
2021,dimST163,west,W4_SIL,W4,SIL,5,12,14,S,135,3,6,4.9,5,6.4,1,,,1,2,1,1,,5,d,,,,,,1,,,,,,,,,,,1,0,11,0,
2021,dimST164,west,W4_SIL,W4,SIL,5,12,14,S,,,,,,6,12,,,10,2,5,2,,8,,7,3,0.664,,,0,ama,100,0,90,25,4,10,na,,,0,0,0,0,
2021,dimST165,west,W4_SIL,W4,SIL,5,12,14,S,,,,,,,,,,,,,,,9,d,,,,,,,,,,,,,,,,,0,0,0,0,
2021,dimST166,west,C1_SIL,C1,SIL,5,10,14,S,125,4,5,4.5,4,7,14,,,5,3,2,3,,1,,9,3.5,0.68,23,11,9,,90,10,60,15,2,2,5,,,5,0,94,0,
2021,dimST167,west,C1_SIL,C1,SIL,5,10,14,S,,,,,,5.6,9,,,15,2,10,1,,3,,5.5,2,0.698,,,0,ama,,,90,35,2,30,2,,,0,0,0,0,
2021,dimST168,west,C1_SIL,C1,SIL,5,10,14,S,,,,,,6.8,8,,,5,2,2,2,,7,d21,,,,,,1,,,,,,,,,,,0,0,0,0,
2021,dimST169,west,E2_SIL,E2,SIL,5,8,14,S,115,1,8,3.7,5,5.1,18,,,0.5,2,0.5,2,,5,,8.5,3.5,0.748,,10.27,3,ama,50,0,50,0.5,2,0.1,30,,,3,0,24,0,
2021,dimST170,west,E2_SIL,E2,SIL,5,8,14,S,,,,,,4.7,8,,,2,2,1,1,,6,d21,,,,,,,,,,,,,,,,,0,0,0,0,
2021,dimST171,west,E2_SIL,E2,SIL,5,8,14,S,,,,,,5.3,30,,,0,0,0,2,,7,,6,3.5,0.87,13,9.53,2,ama,70,0,30,0.1,1,2,0,,,5,1,47,0.01,
2021,dimST172,west,E3_SIL,E3,SIL,5,2,15,N,105,2,7,3.3,5,5.9,14,,,0,0,0,2,,6,,6,3.5,0.711,,,2,ama,90,0,80,0,0,0,0,,,3,0,11,0,
2021,dimST173,west,E3_SIL,E3,SIL,5,2,15,N,,,,,,4.5,17,,,0.1,2,0,2,,7,,7,3,0.786,,,1,ama,,,80,0,0,0,5,,,0,0,0,0,
2021,dimST174,west,E3_SIL,E3,SIL,5,2,15,N,,,,,,4.9,19,,,0,0,0,2,,9,,8,3,0.905,11,6.52,9,,90,0,90,0.5,2,0.1,0,,,4,7,28,0.06,
2021,dimST175,west,E1_SIL,E1,SIL,5,7,15,N,115,1,8,3.9,5,5.2,14,,,0,0,0,3,,1,,6,3,0.585,15,9.61,4,,60,0,50,0,0,0,25,,,5,10,56,0.1,
2021,dimST176,west,E1_SIL,E1,SIL,5,7,15,N,,,,,,6.3,16,,,0.5,2,0.1,2,,3,,10,5,0.833,16,13.41,6,ama,90,0,50,0,0,0,15,,,5,26,51,0.17,
2021,dimST177,west,E1_SIL,E1,SIL,5,7,15,N,,,,,,5.1,18,,,0.5,2,0,2,,6,,4.5,3,0.761,,8.69,4,ama,60,0,20,0,0,0,40,,,5,75,0,0,
2021,dimST178,west,W2_SIL,W2,SIL,5,12,15,N,115,2,7,3.9,4,5.2,3,,,20,3,5,2,planted late,1,,7.5,2.5,1.2,,,0,ama,,,80,20,4,5,20,,,0,0,0,0,
2021,dimST179,west,W2_SIL,W2,SIL,5,12,15,N,,,,,,5,5,,,30,2,15,4,,3,,8,2.5,0.857,,,1,ama,100,0,90,30,2,20,55,,,2,4,10,0.06,
2021,dimST180,west,W2_SIL,W2,SIL,5,12,15,N,,,,,,,,,,,,,,,6,d,,,,,,,,,,,,,,,,,0,0,0,0,
2021,dimST181,central,W3_SIL,W3,SIL,1,2,1,S,70,1,8,3.9,3,3.27,4,,,0,0,0,5,720,1,,7,2,0.825,,,0,ama,100,0,20,0,0,0,5,,,1,0,12,0,
2021,dimST182,central,W3_SIL,W3,SIL,1,2,1,S,,,,,,3.63,7,,,0,0,0,4,,4,,8.5,3,0.772,,,1,ama,50,0,10,0,0,0,1,,,1,0,14,0,
2021,dimST183,central,W3_SIL,W3,SIL,1,2,1,S,,,,,,3.3,3,,,0,0,0,2,,9,,6,2.5,0.632,,,0,ama,,,,0,0,0,70,,,0,0,0,0,
2021,dimST184,central,W4_SIL,W4,SIL,1,9,1,S,105,0,9,5.1,5,3.881,6,,,0,0,0,4,,3,,9,3,0.845,13,12.13,1,,70,0,10,0,0,0,65,,,5,25,63,0.45,
2021,dimST185,central,W4_SIL,W4,SIL,1,9,1,S,,,,,,5.76,4,,,0,0,0,5,,5,,9.5,3,0.829,25,13.47,8,,90,0,10,0,0,0,15,,,5,12,67,0.17,
2021,dimST186,central,W4_SIL,W4,SIL,1,9,1,S,,,,,,3.62,3,,,0,0,0,2,,9,,8.5,3,0.793,,,1,ama,,,20,0,0,0,35,,,0,0,0,0,
2021,dimST187,central,C3_SIL,C3,SIL,1,11,2,N,120,0,9,3.9,5,5.36,6,,,0,0,0,4,,1,,8.5,4,1.096,15,11.44,10,,20,0,10,0,0,0,5,,,,,,,
2021,dimST188,central,C3_SIL,C3,SIL,1,11,2,N,,,,,,5.65,8,,,0,0,0,2,,3,,5,3.5,0.884,24,8.14,29,,70,0,0,0,0,0,20,,,,,,,
2021,dimST189,central,C3_SIL,C3,SIL,1,11,2,N,,,,,,6.44,3,,,0,0,0,3,,6,,6.5,4,0.834,29,11.87,43,,30,0,10,0,0,0,5,,,,,,,
2021,dimST190,central,W1_SIL,W1,SIL,1,6,2,N,95,0,9,4.9,4,3.68,2,,,0,0,0,1,,1,,7,3,0.687,,14.02,2,ama,100,0,10,0,0,0,40,,,2,12,24,0.16,
2021,dimST191,central,W1_SIL,W1,SIL,1,6,2,N,,,,,,3.81,2,,,0,0,0,3,,3,,,,,,,0,ama,100,0,,0,0,0,90,,,0,0,0,0,
2021,dimST192,central,W1_SIL,W1,SIL,1,6,2,N,,,,,,4.76,5,20,14.36,0,0,0,3,,7,,8,3.5,0.779,,,3,ama,80,0,10,0,0,0,40,,,5,31,41,0.48,
2021,dimST193,central,C1_SIL,C1,SIL,1,5,2,N,105,1,8,5.3,5,4.47,15,24,19.18,0,0,0,4,,2,,9,3.5,1.059,,,12,ama,90,0,10,0,0,0,60,,,5,29,62,0.35,
2021,dimST194,central,C1_SIL,C1,SIL,1,5,2,N,,,,,,5.47,7,,,0,0,0,2,,3,,7,4,1.042,23,12.45,9,ama,70,10,10,0,0,0,65,,,5,64,49,0.92,
2021,dimST195,central,C1_SIL,C1,SIL,1,5,2,N,,,,,,3.94,6,18,12.49,0,0,0,1,,6,,8.5,4,0.849,,,11,,80,30,10,0,0,0,65,,,5,55,63,0.87,
2021,dimST196,central,E1_SIL,E1,SIL,1,4,2,N,90,0,9,3.9,5,4.38,6,,,0,0,0,3,,1,,7.5,3.5,0.764,11,11.7,13,,60,0,10,0,0,0,10,,,5,40,29,0.45,
2021,dimST197,central,E1_SIL,E1,SIL,1,4,2,N,,,,,,4.44,13,,,0,0,0,2,,7,,10,2,0.819,11,10.56,8,,30,0,0,0,0,0,2,,,5,48,15,0.64,
2021,dimST198,central,E1_SIL,E1,SIL,1,4,2,N,,,,,,5.44,17,,,0,0,0,2,,9,,7.5,4.5,0.794,14,15.46,24,,50,0,10,0,0,0,2,,,2,16,54,0.16,
2021,dimST199,central,C4_SIL,C4,SIL,1,3,2,N,115,1,8,3.9,5,4.89,13,,,0,0,0,4,,2,,8,4,0.901,16,12.99,9,ama,20,0,10,0,0,0,0,,,5,49,21,0.51,
2021,dimST200,central,C4_SIL,C4,SIL,1,3,2,N,,,,,,4.82,15,,,0,0,0,3,,6,,7,3.5,0.947,25,12.13,21,,30,0,10,0,0,0,2,,,5,15,34,0.29,
2021,dimST201,central,C4_SIL,C4,SIL,1,3,2,N,,,,,,5.59,8,17,12.55,0,0,0,2,,7,,7,4.5,0.932,,,31,,50,0,10,0,0,0,35,,,5,32,32,0.29,
2021,dimST202,central,W2_SIL,W2,SIL,1,3,3,S,70,0,9,3.9,3,4.14,2,,,0,0,0,2,,1,,9.5,2,0.886,21,12.27,4,ama,70,0,0,0,0,0,70,,,2,35,19,0.46,
2021,dimST203,central,W2_SIL,W2,SIL,1,3,3,S,,,,,,3.39,3,,,0,0,0,2,,2,,6.5,3.5,0.831,,12.42,1,,30,0,0,0,0,0,65,,,2,30,13,0.7,
2021,dimST204,central,W2_SIL,W2,SIL,1,3,3,S,,,,,,3.26,2,,,0,0,0,2,,4,,8.5,3,0.812,,11.82,1,ama,100,0,0,0,0,0,75,,,1,5,14,0.11,
2021,dimST205,central,E2_SIL,E2,SIL,1,7,3,S,85,0,9,3.9,5,3.36,8,,,0,0,0,7,,7,,9.5,3,0.772,14,11.71,12,ama,10,0,10,0,0,0,5,,,5,58,8,0.67,
2021,dimST206,central,E2_SIL,E2,SIL,1,7,3,S,,,,,,4.26,8,12,8.28,0,0,0,3,,8,,9,4.5,0.986,,,14,,70,0,10,0,0,0,2,,,5,52,11,0.45,
2021,dimST207,central,E2_SIL,E2,SIL,1,7,3,S,,,,,,5.32,8,,,0,0,0,2,,9,,11,4.5,1.172,16,11.65,28,,60,0,10,0,0,0,0,,,5,54,11,0.68,
2021,dimST208,central,E3_SIL,E3,SIL,1,9,3,S,100,1,8,3.9,5,4.3,8,,,0,0,0,2,,2,,9.5,3.5,0.752,13,12.2,8,ama,30,0,20,0,0,0,1,,,5,65,2,1.08,
2021,dimST209,central,E3_SIL,E3,SIL,1,9,3,S,,,,,,4.37,17,,,0,0,0,4,,4,,10.5,3.5,0.906,14,9.67,26,,30,0,20,0,0,0,0,,,5,41,21,0.53,
2021,dimST210,central,E3_SIL,E3,SIL,1,9,3,S,,,,,,3.66,16,,,0,0,0,3,,6,,7,3.5,0.905,12,8.03,28,,50,0,10,0,0,0,2,,,5,51,16,0.74,
2021,dimST211,central,E4_SIL,E4,SIL,1,9,4,N,100,0,9,3.9,5,5.03,12,,,0,0,0,4,,1,,8.5,3,0.994,19,10.93,6,,30,0,10,0,0,0,1,,,5,33,43,0.38,
2021,dimST212,central,E4_SIL,E4,SIL,1,9,4,N,,,,,,4.1,3,,,0,0,0,3,,3,,8.5,3,0.96,13,12.27,17,,30,0,20,0,0,0,0,,,5,51,10,0.49,
2021,dimST213,central,E4_SIL,E4,SIL,1,9,4,N,,,,,,4.98,10,12,13.1,0,0,0,3,,5,,9,2.5,0.836,,,15,,80,0,20,0,0,0,5,,,5,35,23,0.37,
2021,dimST214,central,C2_SIL,C2,SIL,1,1,4,N,125,0,9,3.5,6,6.13,6,,,0,0,0,1,,3,,8,5,0.913,18,13.79,25,,20,0,10,0,0,0,10,,,5,71,20,1.11,
2021,dimST215,central,C2_SIL,C2,SIL,1,1,4,N,,,,,,7.4,8,,,0,0,0,2,,5,,9,5.5,0.917,18,14.86,51,,40,20,20,0,0,0,20,,,5,71,36,0.71,
2021,dimST216,central,C2_SIL,C2,SIL,1,1,4,N,,,,,,6.62,6,,,0,0,0,2,,9,,8,4,0.848,23,14.92,29,,40,20,20,0,0,0,5,,,5,46,23,0.5,
2021,dimST217,central,C2_SIL,C2,SIL,2,2,5,S,90,1,8,3.7,4,4.3,8,,,0,0,0,2,,2,,6.5,4,0.93,16,11.06,25,,30,0,10,0,0,0,65,,,5,65,6,0.87,
2021,dimST218,central,C2_SIL,C2,SIL,2,2,5,S,,,,,,4.59,5,,,0,0,0,1,,3,,6,3.5,0.99,14,12.12,16,,50,0,10,0,0,0,75,,,5,36,31,0.42,
2021,dimST219,central,C2_SIL,C2,SIL,2,2,5,S,,,,,,3.5,8,,,0,0,0,2,,6,,8.5,4,0.932,28,15.08,9,,10,0,10,0,0,0,30,,,5,44,10,0.52,
2021,dimST220,central,W4_SIL,W4,SIL,2,3,5,S,85,0,9,3.9,3,3.54,3,,,0,0,0,8,,3,,7,1.5,0.842,,11.9,1,ama,100,0,50,0,0,0,75,,,1,13,9,0.19,
2021,dimST221,central,W4_SIL,W4,SIL,2,3,5,S,,,,,,2.98,2,,,0,0,0,1,,4,,6,3.5,0.763,,,0,ama,,,60,0,0,0,80,,,0,0,0,0,
2021,dimST222,central,W4_SIL,W4,SIL,2,3,5,S,,,,,,3.34,2,,,0,0,0,2,,8,,7.5,3.5,0.752,,7.99,1,ama,100,0,20,0,0,0,75,,,1,0,7,0,
2021,dimST223,central,W2_SIL,W2,SIL,2,5,5,S,80,1,8,4.9,3,2.49,2,,,0,0,0,2,,2,,7.5,3,1.01,,12.23,1,ama,100,0,20,0,0,0,45,,,1,0,14,0,
2021,dimST224,central,W2_SIL,W2,SIL,2,5,5,S,,,,,,5.94,1,25,21.25,0,0,0,2,,5,,9,3.5,1.044,,14.26,6,,100,0,20,0,0,0,50,,,5,18,60,0.37,
2021,dimST225,central,W2_SIL,W2,SIL,2,5,5,S,,,,,,,,,,,,,,,9,d,,,,,,,,,,,,,,,,,0,0,0,0,
2021,dimST226,central,E4_SIL,E4,SIL,2,9,5,S,105,0,9,3.5,9,3.78,6,,,0,0,0,1,,1,,7.5,4,0.963,7,9.92,6,ama,20,0,10,0,0,0,2,,,5,27,16,0.39,
2021,dimST227,central,E4_SIL,E4,SIL,2,9,5,S,,,,,,4.28,13,,,0,0,0,2,,5,,6,4,0.806,16,10.18,14,ama,40,0,10,0,0,0,0.5,,,5,33,21,0.4,
2021,dimST228,central,E4_SIL,E4,SIL,2,9,5,S,,,,,,4.12,20,,,0,0,0,4,,6,,8.5,3,0.97,16,14.25,7,,50,0,20,0,0,0,0,,,5,44,20,0.47,
2021,dimST229,central,C3_SIL,C3,SIL,2,3,6,N,105,0,9,3.9,5,4.55,11,,,0,0,0,2,,1,,7,3.5,0.939,16,10.75,11,ama,40,0,10,0,0,0,0.5,,,5,38,40,0.7,
2021,dimST230,central,C3_SIL,C3,SIL,2,3,6,N,,,,,,5.16,9,,,0,0,0,2,,7,,7,3,0.882,16,10.47,11,ama,30,0,10,0,0,0,25,,,0,0,0,0,
2021,dimST231,central,C3_SIL,C3,SIL,2,3,6,N,,,,,,5.72,6,,,0,0,0,4,,9,,5.5,3,0.893,15,12.41,18,,50,0,0,0,0,0,35,,,5,42,13,0.38,
2021,dimST232,central,E3_SIL,E3,SIL,2,5,7,S,115,0,9,4.3,6,3.6,9,14,11.03,0,0,0,2,,2,,7.5,3.5,0.669,13,11.13,15,ama,50,0,10,0,0,0,0,,,5,51,14,0.67,
2021,dimST233,central,E3_SIL,E3,SIL,2,5,7,S,,,,,,3.27,20,,,0,0,0,3,,4,,9.5,3,0.831,15,13.59,6,,30,0,10,0,0,0,0,,,5,43,30,0.63,
2021,dimST234,central,E3_SIL,E3,SIL,2,5,7,S,,,,,,3.3,16,,,0,0,0,2,,8,,10,4.5,0.645,14,10.23,18,,50,0,10,0,0,0,2,,,5,61,4,0.78,
2021,dimST235,central,E1_SIL,E1,SIL,2,9,7,S,100,1,8,4.1,5,4.99,26,,,0,0,0,2,,1,,10,4,0.901,16,8.93,20,,40,0,10,0,0,0,2,,,5,52,23,0.62,
2021,dimST236,central,E1_SIL,E1,SIL,2,9,7,S,,,,,,2.47,20,,,0,0,0,3,,2,,10,3.5,0.682,,,5,ama,0,0,30,0,0,0,2,,,5,8,39,0.11,
2021,dimST237,central,E1_SIL,E1,SIL,2,9,7,S,,,,,,4.41,17,16,12.94,0,0,0,3,,6,,11,4.5,0.716,,,32,ama,80,0,30,0,0,0,10,,,5,39,24,0.6,
2021,dimST238,central,C1_SIL,C1,SIL,2,11,7,S,125,1,8,5.5,6,2.74,14,24,13.6,0,0,0,4,,2,,8.5,4,0.964,,,3,ama,100,10,10,0,0,0,75,,,5,6,95,0.07,
2021,dimST239,central,C1_SIL,C1,SIL,2,11,7,S,,,,,,4.58,11,23,13.63,0,0,0,3,,3,,10.5,4.5,0.751,,,9,,70,40,10,0,0,0,30,,,5,70,69,1,
2021,dimST240,central,C1_SIL,C1,SIL,2,11,7,S,,,,,,5.1,9,17,11.9,0,0,0,3,,8,,8.5,3.5,0.906,,,3,ama,100,0,20,0,0,0,55,,,5,42,27,0.81,
2021,dimST241,central,W3_SIL,W3,SIL,2,10,8,N,80,4,5,3.7,3,5.82,4,,,0,0,0,4,,3,,9,3.5,0.967,19,14.75,3,,50,20,10,0,0,0,55,,,5,31,64,0.62,
2021,dimST242,central,W3_SIL,W3,SIL,2,10,8,N,,,,,,2.86,5,,,0,0,0,3,,5,,10,4,0.684,25,11.8,5,ama,100,10,10,0,0,0,85,,,3,3,46,0.04,
2021,dimST243,central,W3_SIL,W3,SIL,2,10,8,N,,,,,,3.77,1,,,0,0,0,,bronzing 85,8,,10.5,3.5,0.799,,,0,ama,,,,0,0,0,10,,,0,0,0,0,
2021,dimST244,central,C4_SIL,C4,SIL,2,8,8,N,155,0,9,5.5,7,4.76,9,20,11.75,0,0,0,3,,1,,8,5,0.974,,,16,,60,40,10,0,0,0,10,,,5,40,18,0.46,
2021,dimST245,central,C4_SIL,C4,SIL,2,8,8,N,,,,,,4.63,15,,,0,0,0,3,,3,,11.5,4.5,0.926,23,11.54,29,,30,10,20,0,0,0,10,,,5,62,37,0.82,
2021,dimST246,central,C4_SIL,C4,SIL,2,8,8,N,,,,,,4.8,9,,,0,0,0,4,,4,,8.5,3.5,0.95,15,11.88,36,,50,20,10,0,0,0,25,,,5,49,9,0.67,
2021,dimST247,central,W1_SIL,W1,SIL,2,4,8,N,100,0,9,4.5,4,3.92,5,,,0,0,0,2,,2,,8,2.5,0.904,25,9.6,8,ama,80,0,10,0,0,0,85,,,5,14,39,0.2,
2021,dimST248,central,W1_SIL,W1,SIL,2,4,8,N,,,,,,3.1,3,,,0,0,0,2,,5,,8.5,3,0.731,,,0,ama,0,0,0,0,0,0,75,,,0,0,0,0,
2021,dimST249,central,W1_SIL,W1,SIL,2,4,8,N,,,,,,4.22,1,,,0,0,0,1,,6,,,,,,7.99,1,,0,0,50,0,0,0,95,,,0,0,0,0,
2021,dimST250,central,E2_SIL,E2,SIL,2,2,8,N,110,0,9,4.5,5,4.39,20,,,0,0,0,4,,3,,6.5,2.5,0.883,14,7.95,19,,70,0,10,0,0,0,1,,,5,12,56,0.1,
2021,dimST251,central,E2_SIL,E2,SIL,2,2,8,N,,,,,,3.39,21,,,0,0,0,2,,6,,6,2.5,0.792,16,12.87,18,,30,0,20,0,0,0,1,,,5,75,12,0.99,
2021,dimST252,central,E2_SIL,E2,SIL,2,2,8,N,,,,,,3.57,15,13,13.66,0,0,0,2,,7,,6,2.5,0.855,,,8,,60,0,10,0,0,0,1,,,5,51,19,0.8,
2021,dimST253,central,E4_SIL,E4,SIL,3,11,10,N,120,0,9,4.5,7,5.82,9,,,0,0,0,3,,1,,10,4,0.9,16,9.56,21,,40,0,10,0,0,0,1,,,5,56,11,0.77,
2021,dimST254,central,E4_SIL,E4,SIL,3,11,10,N,,,,,,5.65,28,,,0,0,0,4,,2,,12,4,0.923,17,10.06,17,ama,60,0,10,0,0,0,1,,,5,53,28,0.75,
2021,dimST255,central,E4_SIL,E4,SIL,3,11,10,N,,,,,,5.41,20,16,11.02,0,0,0,2,,6,,11.5,5,0.903,,,27,,60,0,10,0,0,0,5,,,5,48,17,0.58,
2021,dimST256,central,C4_SIL,C4,SIL,3,10,10,N,155,1,8,4.1,7,5.2,17,,,0,0,0,1,,1,,9,6,0.924,19,10.62,34,,30,20,20,0,0,0,10,,,5,49,49,0.77,
2021,dimST257,central,C4_SIL,C4,SIL,3,10,10,N,,,,,,5.05,13,18,12.06,0,0,0,1,,6,,11,8,0.539,,,22,,30,0,20,0,0,0,0,,,5,67,14,0.87,
2021,dimST258,central,C4_SIL,C4,SIL,3,10,10,N,,,,,,6.49,21,,,0,0,0,2,,7,,12,5,0.962,15,11.17,28,,30,0,10,0,0,0,2,,,5,52,16,0.51,
2021,dimST259,central,W3_SIL,W3,SIL,3,4,10,N,90,2,7,4.9,3,2.76,4,,,0,0,0,2,,1,,9,3,0.779,,,0,ama,0,0,30,0,0,0,80,,,0,0,0,0,
2021,dimST260,central,W3_SIL,W3,SIL,3,4,10,N,,,,,,4.71,6,,,0,0,0,1,,3,,6.5,3.5,0.754,24,8.36,5,,100,10,20,0,0,0,75,,,5,2,65,0.04,
2021,dimST261,central,W3_SIL,W3,SIL,3,4,10,N,,,,,,3.42,6,,,0,0,0,4,,5,dst21,,,,,,0,,,,,0,0,0,100,,,0,0,0,0,
2021,dimST262,central,W2_SIL,W2,SIL,3,3,10,N,120,1,8,5.3,4,5.69,8,28,15.67,0,0,0,2,,4,,10,4,0.904,,,5,,100,30,30,0,0,0,90,,,5,18,73,0.33,
2021,dimST263,central,W2_SIL,W2,SIL,3,3,10,N,,,,,,4.42,3,20,12.75,0,0,0,1,,5,,9.5,4,0.954,,,3,,90,10,20,0,0,0,80,,,2,3,47,0.05,
2021,dimST264,central,W2_SIL,W2,SIL,3,3,10,N,,,,,,4.33,3,,,0,0,0,3,,8,,10,4,0.901,,12.81,5,,100,0,50,0,0,0,85,,,5,28,77,0.46,
2021,dimST265,central,W4_SIL,W4,SIL,3,1,11,S,120,2,7,4.3,4,5.7,8,,,0,0,0,2,,5,,9.5,4,0.763,,11.73,3,ama,90,10,10,0,0,0,75,,,5,44,80,0.69,
2021,dimST266,central,W4_SIL,W4,SIL,3,1,11,S,,,,,,3.7,3,,,0,0,0,2,,7,,11,3,0.706,,9.32,2,ama,100,0,50,0,0,0,80,,,2,0,23,0,
2021,dimST267,central,W4_SIL,W4,SIL,3,1,11,S,,,,,,3.84,6,,,0,0,0,3,,9,,8.5,4.5,0.709,21,9.77,8,ama,60,0,10,0,0,0,60,,,5,40,69,0.82,
2021,dimST268,central,C3_SIL,C3,SIL,3,2,11,S,135,0,9,3.9,6,6,3,,,0,0,0,6,,2,,6.5,4,1.019,8,9.35,21,,20,0,10,0,0,0,0,,,5,56,29,0.5,
2021,dimST269,central,C3_SIL,C3,SIL,3,2,11,S,,,,,,4.45,8,,,0,0,0,2,,3,,6.5,4.5,0.932,22,14.28,33,,30,0,20,0,0,0,1,,,5,66,39,0.8,
2021,dimST270,central,C3_SIL,C3,SIL,3,2,11,S,,,,,,6.2,6,,,0,0,0,2,,9,,7,4.5,1.012,19,12.16,12,,30,40,10,0,0,0,5,,,5,59,67,0.73,
2021,dimST271,central,C1_SIL,C1,SIL,3,9,11,S,130,1,8,5.5,6,4.95,11,24,11.31,0,0,0,0,,3,,10,4.5,0.734,,,5,ama,80,10,10,0,0,0,45,,,5,56,61,1.13,
2021,dimST272,central,C1_SIL,C1,SIL,3,9,11,S,,,,,,4.86,16,22,11.43,0,0,0,3,,4,,10,2.5,0.834,,,5,ama,90,20,10,0,0,0,40,,,5,34,65,0.56,
2021,dimST273,central,C1_SIL,C1,SIL,3,9,11,S,,,,,,4.13,11,26,13.97,0,0,0,7,,5,,8,2,0.785,,,7,ama,60,0,10,0,0,0,80,,,5,74,47,0.73,
2021,dimST274,central,C2_SIL,C2,SIL,3,10,11,S,160,0,9,4.1,7,5.01,8,,,0,0,0,1,,1,,8,5,0.867,16,7.7,38,,10,10,10,0,0,0,5,,,5,46,32,0.53,
2021,dimST275,central,C2_SIL,C2,SIL,3,10,11,S,,,,,,9.55,8,,,0,0,0,2,,2,,8.5,5,0.982,22,14.34,29,,20,0,10,0,0,0,5,,,5,102,10,1.28,
2021,dimST276,central,C2_SIL,C2,SIL,3,10,11,S,,,,,,7.87,17,14,11.6,0,0,0,3,,8,,9,4,0.796,,,22,,40,0,10,0,0,0,15,,,5,50,12,0.56,
2021,dimST277,central,E3_SIL,E3,SIL,3,10,12,N,120,0,9,4.1,5,2.91,3,,,0,0,0,2,,3,,8.5,3,0.761,12,10.11,5,,90,0,0,0,0,0,0,,,5,33,21,0.51,
2021,dimST278,central,E3_SIL,E3,SIL,3,10,12,N,,,,,,3.55,27,14,9.87,0,0,0,2,,5,,9,3.5,0.745,14,10.12,28,,50,0,10,0,0,0,15,,,5,58,7,0.64,
2021,dimST279,central,E3_SIL,E3,SIL,3,10,12,N,,,,,,3.75,16,,,0,0,0,3,,7,,7.5,3.5,0.861,13,11.22,26,,30,0,10,0,0,0,7,,,6,52,15,0.5,
2021,dimST280,central,E1_SIL,E1,SIL,3,9,12,N,110,0,9,3.9,6,4.66,29,,,0,0,0,2,,1,,8.5,3,0.773,11,8.89,17,ama,10,0,10,0,0,0,0,,,2,33,5,0.49,
2021,dimST281,central,E1_SIL,E1,SIL,3,9,12,N,,,,,,5.45,11,,,0,0,0,3,,3,,9.5,3,0.828,13,11.65,25,,70,0,20,0,0,0,0,,,5,72,7,1.11,
2021,dimST282,central,E1_SIL,E1,SIL,3,9,12,N,,,,,,5.45,10,22,13.11,0,0,0,2,,9,,9.5,4.5,0.609,,,21,,50,0,10,0,0,0,5,,,5,58,5,0.89,
2021,dimST283,central,W1_SIL,W1,SIL,3,7,12,N,80,1,8,3.9,3,2.2,5,,,0,0,0,6,,7,dst21,,,,,,0,,,,,0,0,0,95,,,0,0,0,0,
2021,dimST284,central,W1_SIL,W1,SIL,3,7,12,N,,,,,,4.39,4,,,0,0,0,1,,8,dst21,7,3,0.854,,,1,,,,,0,0,0,100,,,0,0,0,0,
2021,dimST285,central,W1_SIL,W1,SIL,3,7,12,N,,,,,,5.6,2,,,0,0,0,1,,9,,8,2.5,0.776,,12.3,5,,100,0,30,0,0,0,82,,,0,0,0,0,
2021,dimST286,central,E2_SIL,E2,SIL,3,2,12,N,110,0,9,4.1,6,4.13,22,,,0,0,0,3,,2,,5,3,0.961,13,8.4,15,,50,0,20,0,0,0,0.5,,,5,46,19,0.645,
2021,dimST287,central,E2_SIL,E2,SIL,3,2,12,N,,,,,,4.97,25,,,0,0,0,4,,3,,6.5,2.5,0.772,15,11.45,29,,60,0,20,0,0,0,0,,,5,74,9,0.87,
2021,dimST288,central,E2_SIL,E2,SIL,3,2,12,N,,,,,,3.91,21,15,12.79,0,0,0,2,,6,,7,3,0.656,,,14,,80,0,20,0,0,0,0,,,5,27,31,0.45,
2021,dimST289,central,C4_SIL,C4,SIL,4,1,13,S,145,0,9,4.3,6,6.6,14,,,0,0,0,2,,7,,7.5,6,0.925,21,11.28,25,,60,0,20,0,0,0,10,,,5,64,40,0.61,
2021,dimST290,central,C4_SIL,C4,SIL,4,1,13,S,,,,,,5.5,23,20,12.13,0,0,0,2,,8,,8,3,0.915,,,25,,50,0,20,0,0,0,5,,,5,41,32,0.34,
2021,dimST291,central,C4_SIL,C4,SIL,4,1,13,S,,,,,,4.56,5,,,0,0,0,4,,9,,7,3.5,0.968,24,14.94,7,,10,10,20,0,0,0,15,,,5,61,42,0.69,
2021,dimST292,central,E1_SIL,E1,SIL,4,2,13,S,115,0,9,3.9,6,5.65,15,,,0,0,0,6,,1,,8,3.5,0.759,15,9.3,35,,70,0,20,0,0,0,0,,,5,48,22,0.73,
2021,dimST293,central,E1_SIL,E1,SIL,4,2,13,S,,,,,,4.7,16,,,0,0,0,3,,3,,9.5,5,0.937,16,8.66,58,,40,0,20,0,0,0,5,,,5,20,42,0.19,
2021,dimST294,central,E1_SIL,E1,SIL,4,2,13,S,,,,,,5.93,19,,,0,0,0,2,,5,,9.5,4,0.7768,17,11.08,18,,30,0,20,0,0,0,15,,,5,80,9,0.83,
2021,dimST295,central,W4_SIL,W4,SIL,4,4,13,S,115,3,6,4.1,4,5.25,7,,,0,0,0,8,,2,,7,3,0.951,24,11.82,8,,90,30,10,0,0,0,65,,,5,64,73,1.11,
2021,dimST296,central,W4_SIL,W4,SIL,4,4,13,S,,,,,,3.05,2,,,0,0,0,1,,4,,8.5,3,0.766,,,1,,100,0,50,0,0,0,85,,,2,12,15,0.11,
2021,dimST297,central,W4_SIL,W4,SIL,4,4,13,S,,,,,,3.91,5,19,11.91,0,0,0,2,,7,,9,4.5,0.806,,,1,ama,100,0,30,0,0,0,85,,,1,2,10,0.02,
2021,dimST298,central,W2_SIL,W2,SIL,4,5,13,S,100,5,4,4.3,3,7.4,3,26,13.31,0,0,0,0,,1,,8.5,4,0.76,,,12,ama,90,20,10,0,0,0,75,,,5,26,67,0.47,
2021,dimST299,central,W2_SIL,W2,SIL,4,5,13,S,,,,,,4.45,3,29,7.4,0,0,0,6,,3,,7,4,0.718,,,3,,80,0,50,0,0,0,75,,,5,53,81,0.78,
2021,dimST300,central,W2_SIL,W2,SIL,4,5,13,S,,,,,,4.33,2,,,0,0,0,6,,8,,7,3,0.632,25,7.82,10,ama,100,0,50,0,0,0,65,,,5,41,85,0.75,
2021,dimST301,central,E2_SIL,E2,SIL,4,7,13,S,135,0,9,4.1,6,4.16,19,,,0,0,0,2,,4,,6,3,0.78,13,10.67,10,,20,0,30,0,0,0,5,,THROW OUT ENVELOPE WRONG TIE,5,37,34,0.42,
2021,dimST302,central,E2_SIL,E2,SIL,4,7,13,S,,,,,,5.17,16,14,11.96,0,0,0,4,,5,,7.5,3.5,0.834,,,10,,30,0,20,0,0,0,0,,,5,77,10,0.96,
2021,dimST303,central,E2_SIL,E2,SIL,4,7,13,S,,,,,,5.28,24,,,0,0,0,3,,6,,7,3.5,0.979,16,11.82,7,,50,0,10,0,0,0,0,,,5,51,14,0.56,
2021,dimST304,central,C3_SIL,C3,SIL,4,3,14,N,145,0,9,4.1,6,6.46,15,15,13.21,0,0,0,3,,1,,9.5,3,0.983,14,9.58,33,,50,0,30,0,0,0,0,,,5,105,24,1.47,
2021,dimST305,central,C3_SIL,C3,SIL,4,3,14,N,,,,,,5.82,19,,,0,0,0,1,,7,,7.5,4,0.989,7,7.63,24,,20,0,10,0,0,0,2,,,5,50,24,0.77,
2021,dimST306,central,C3_SIL,C3,SIL,4,3,14,N,,,,,,4.9,9,,,0,0,0,2,,8,,8.5,5,0.913,19,12.45,13,,30,30,20,0,0,0,10,,,5,55,27,0.49,
2021,dimST307,central,E4_SIL,E4,SIL,4,3,15,S,135,1,8,4.5,6,3.75,13,17,14.36,0,0,0,2,,2,,9,3,0.77,,,19,ama,30,0,20,0,0,0,20,,,5,56,19,0.74,
2021,dimST308,central,E4_SIL,E4,SIL,4,3,15,S,,,,,,5.83,14,15,11.96,0,0,0,3,,4,,11.5,5,0.851,,,25,,60,0,10,0,0,0,10,,,5,66,8,0.73,
2021,dimST309,central,E4_SIL,E4,SIL,4,3,15,S,,,,,,3.78,22,12,9.27,0,0,0,2,,8,,9,4,0.794,,,14,,60,0,10,0,0,0,0.5,,,5,54,20,0.88,
2021,dimST310,central,W1_SIL,W1,SIL,4,5,15,S,95,2,7,4.1,3,3.69,3,13,10.28,0,0,0,3,,2,,6,3,0.956,,,,,40,10,10,0,0,0,75,,,,,,,
2021,dimST311,central,W1_SIL,W1,SIL,4,5,15,S,,,,,,3.97,2,,,0,0,0,1,,5,,6,2,0.77,,,0,,,,,0,0,0,95,,,0,0,0,0,
2021,dimST312,central,W1_SIL,W1,SIL,4,5,15,S,,,,,,4.1,3,,,0,0,0,1,,7,,10.5,5,0.619,30,13.28,2,,100,10,20,0,0,0,65,,,2,5,31,0.07,
2021,dimST313,central,C2_SIL,C2,SIL,4,6,15,S,140,1,8,3.9,5,5.99,14,,,0,0,0,2,,2,,12,4.5,0.992,14,11.65,15,,10,0,10,0,0,0,55,,,5,50,18,0.79,
2021,dimST314,central,C2_SIL,C2,SIL,4,6,15,S,,,,,,5.84,5,17,13.28,0,0,0,1,,4,,7,4,0.957,,,8,,10,0,10,0,0,0,80,,,5,30,38,0.32,
2021,dimST315,central,C2_SIL,C2,SIL,4,6,15,S,,,,,,5.4,13,,,0,0,0,2,,9,,10,5.5,1.016,14,10.8,45,,20,0,10,0,0,0,45,,,5,46,37,0.63,
2021,dimST316,central,C1_SIL,C1,SIL,4,9,16,N,125,0,9,5.7,5,4.52,5,,,0,0,0,4,,1,,7.5,3,0.872,7,9.64,5,ama,100,20,0,0,0,0,65,,,5,15,98,0.24,
2021,dimST317,central,C1_SIL,C1,SIL,4,9,16,N,,,,,,5.33,7,18,14.58,0,0,0,1,,2,,10,5.5,0.721,,,7,,100,40,10,0,0,0,40,,,5,18,98,0.34,
2021,dimST318,central,C1_SIL,C1,SIL,4,9,16,N,,,,,,6.16,14,34,12.05,0,0,0,5,,5,,7.5,3.5,0.875,,,11,,90,10,20,0,0,0,2,,,5,10,130,0.13,
2021,dimST319,central,W3_SIL,W3,SIL,4,4,16,N,110,1,8,5.7,5,6.17,7,,,0,0,0,1,,3,,11,3,0.887,,11.8,1,,100,0,30,0,0,0,80,,,3,3,62,0.06,
2021,dimST320,central,W3_SIL,W3,SIL,4,4,16,N,,,,,,5.62,8,25,12.43,0,0,0,6,,6,,7,3,0.812,,,2,ama,90,0,30,0,0,0,85,,,5,19,90,0.46,
2021,dimST321,central,W3_SIL,W3,SIL,4,4,16,N,,,,,,5.29,8,23,16.72,0,0,0,4,,8,,10,4,0.798,,,6,ama,90,0,40,0,0,0,85,,,5,40,50,0.87,
2021,dimST322,central,E3_SIL,E3,SIL,4,1,16,N,105,0,9,3.9,6,4.25,3,,,0,0,0,1,,1,,9,3.5,0.71,13,9.9,15,,30,10,10,0,0,0,10,,,5,49,13,0.69,
2021,dimST323,central,E3_SIL,E3,SIL,4,1,16,N,,,,,,3.62,18,11,11.46,0,0,0,3,,4,,10,3.5,0.761,,,9,,70,0,10,0,0,0,5,,,5,29,50,0.45,
2021,dimST324,central,E3_SIL,E3,SIL,4,1,16,N,,,,,,4.56,17,,,0,0,0,2,,9,,9.5,3.5,0.923,15,10.61,22,,60,0,10,0,0,0,5,,,5,44,41,0.6,
2021,dimST325,central,E3_SIL,E3,SIL,5,3,17,S,95,1,8,4.3,5,5.04,17,,,0,0,0,3,,3,,11,4,0.835,17,12.43,19,,30,0,10,0,0,0,1,,,5,27,38,0.26,
2021,dimST326,central,E3_SIL,E3,SIL,5,3,17,S,,,,,,3.32,18,14,10.25,0,0,0,5,,5,,11,3.5,0.891,,,10,,50,0,10,0,0,0,0,,,5,57,44,0.78,
2021,dimST327,central,E3_SIL,E3,SIL,5,3,17,S,,,,,,5.71,4,,,0,0,0,1,,7,,7.5,4.5,0.881,15,10.41,24,ama,20,0,10,0,0,0,0,,,5,103,19,1.05,
2021,dimST328,central,E1_SIL,E1,SIL,5,5,17,S,100,1,8,4.1,5,4.71,20,,,0,0,0,6,,2,,9,3,0.965,12,12.67,12,,50,0,10,0,0,0,1,,,5,28,33,0.27,
2021,dimST329,central,E1_SIL,E1,SIL,5,5,17,S,,,,,,2.96,14,,,0,0,0,3,,3,,10,3.5,0.864,13,10.76,28,,50,0,20,0,0,0,3,,,5,74,6,0.9,
2021,dimST330,central,E1_SIL,E1,SIL,5,5,17,S,,,,,,5.14,20,,,0,0,0,2,,9,,11,4,0.839,13,9.14,14,,40,0,20,0,0,0,0,,,5,7,55,0.06,
2021,dimST331,central,C1_SIL,C1,SIL,5,11,17,S,75,1,8,4.5,3,3.62,7,,,0,0,0,,,6,dst21,,,,,,,,,,,0,0,0,100,,,0,0,0,0,
2021,dimST332,central,C1_SIL,C1,SIL,5,11,17,S,,,,,,4.44,3,,,0,0,0,,,8,dst21,,,,,,,,,,,0,0,0,100,,,0,0,0,0,
2021,dimST333,central,C1_SIL,C1,SIL,5,11,17,S,,,,,,2.9,2,,,0,0,0,,,9,dst21,,,,,,,,,,,0,0,0,100,,,0,0,0,0,
2021,dimST334,central,C2_SIL,C2,SIL,5,11,18,N,115,0,9,3.5,5,7.08,13,,,0,0,0,3,,1,,7,4,0.983,18,14.86,39,,10,30,20,0,0,0,5,,,5,62,32,0.8,
2021,dimST335,central,C2_SIL,C2,SIL,5,11,18,N,,,,,,4.75,8,,,0,0,0,2,,3,,8,3.5,0.94,15,13,18,,30,0,10,0,0,0,30,,,5,36,41,0.55,
2021,dimST336,central,C2_SIL,C2,SIL,5,11,18,N,,,,,,5.58,8,,,0,0,0,1,,4,,9,3.5,0.861,13,15.99,14,,40,0,20,0,0,0,2,,,5,42,16,0.58,
2021,dimST337,central,W2_SIL,W2,SIL,5,9,18,N,70,2,7,5.1,3,2.13,1,,,0,0,0,,,5,dst21,,,,,,,,,,,0,0,0,,,,0,0,0,0,
2021,dimST338,central,W2_SIL,W2,SIL,5,9,18,N,,,,,,3.04,2,,,0,0,0,,,6,dst21,,,,,,0,,,,,0,0,0,95,,,0,0,0,0,
2021,dimST339,central,W2_SIL,W2,SIL,5,9,18,N,,,,,,4.55,4,20,13.07,0,0,0,1,,9,,10,3,0.77,,,2,,100,0,10,0,0,0,80,,,5,4,78,0.05,
2021,dimST340,central,E2_SIL,E2,SIL,5,5,18,N,80,2,7,4.1,4,3.68,4,,,0,0,0,2,,1,,9,3,0.66,14,9.69,11,,50,0,0,0,0,0,0,,,5,37,30,0.5,
2021,dimST341,central,E2_SIL,E2,SIL,5,5,18,N,,,,,,5.39,17,,,0,0,0,3,,2,,6.5,3,0.744,13,10.6,15,,40,0,10,0,0,0,0,,,5,34,19,0.51,
2021,dimST342,central,E2_SIL,E2,SIL,5,5,18,N,,,,,,4.66,2,,,0,0,0,2,dont not doubt us,9,,9,3,0.746,14,9.53,27,,70,0,0,0,0,0,1,,,5,65,20,1.01,
2021,dimST343,central,C3_SIL,C3,SIL,5,4,18,N,110,1,8,3.5,5,7.32,9,,,0,0,0,3,,2,,6,4.5,0.73,18,9.54,20,,30,0,20,0,0,0,20,,,5,63,30,0.76,
2021,dimST344,central,C3_SIL,C3,SIL,5,4,18,N,,,,,,4.84,10,,,0,0,0,3,,4,,8,4,0.805,15,10.25,20,,30,10,10,0,0,0,40,,,5,42,11,0.63,
2021,dimST345,central,C3_SIL,C3,SIL,5,4,18,N,,,,,,6.18,9,,,0,0,0,3,,8,,8,4,1.042,21,14.66,20,,20,0,10,0,0,0,15,,,3,88,11,1.25,
2021,dimST346,central,C4_SIL,C4,SIL,5,2,18,N,120,0,9,3.5,5,6.51,10,,,0,0,0,3,,5,,9,4.5,0.837,11,10,25,,10,0,20,0,0,0,10,,,5,81,9,0.99,
2021,dimST347,central,C4_SIL,C4,SIL,5,2,18,N,,,,,,5.49,4,,,0,0,0,2,,7,,9,5,0.743,18,8.82,25,,20,10,10,0,0,0,1,,,5,45,58,0.49,
2021,dimST348,central,C4_SIL,C4,SIL,5,2,18,N,,,,,,3.81,7,,,0,0,0,2,,9,,7,4,1.096,20,12.85,30,,30,0,10,0,0,0,10,,,5,68,15,1.1,
2021,dimST349,central,W3_SIL,W3,SIL,5,2,19,S,65,2,7,4.5,3,4.96,2,,,0,0,0,1,,3,,9.5,4,0.758,16,10.57,6,,90,10,10,0,0,0,65,,,5,31,48,0.74,
2021,dimST350,central,W3_SIL,W3,SIL,5,2,19,S,,,,,,2.28,4,,,0,0,0,8,,4,,,,,,,0,,,,,0,0,0,,,,0,0,0,0,
2021,dimST351,central,W3_SIL,W3,SIL,5,2,19,S,,,,,,3.6,4,,,0,0,0,2,,9,,10.5,5.5,0.701,,,1,ama,,,10,0,0,0,10,,,1,0,21,0,
2021,dimST352,central,E4_SIL,E4,SIL,5,4,19,S,75,0,9,4.3,5,2.88,9,,,0,0,0,2,,2,,7,2,0.867,12,6.9,5,ama,10,0,10,0,0,0,5,,,5,47,10,0.54,
2021,dimST353,central,E4_SIL,E4,SIL,5,4,19,S,,,,,,3.33,7,,,0,0,0,4,,4,,6,1.5,0.836,8,2.85,8,,0,0,0,0,0,0,0,,,5,39,47,0.42,
2021,dimST354,central,E4_SIL,E4,SIL,5,4,19,S,,,,,,4.29,7,,,0,0,0,2,,7,,7.5,3,0.702,11,6.3,11,,30,0,10,0,0,0,1,,,0,0,0,0,
2021,dimST355,central,W4_SIL,W4,SIL,5,9,19,S,70,3,5,3.7,3,,0,,,0,0,0,,,3,dst21,,,,,,0,,,,,0,0,0,,,,0,0,0,0,
2021,dimST356,central,W4_SIL,W4,SIL,5,9,19,S,,,,,,3.23,7,,,0,0,0,2,,5,,9.5,3,0.757,,9.39,5,,100,0,10,0,0,0,55,,,5,18,51,0.4,
2021,dimST357,central,W4_SIL,W4,SIL,5,9,19,S,,,,,,3.78,3,,,0,0,0,3,short spike hair,6,,8,2,0.895,,8.71,1,ama,100,0,10,0,0,0,50,,,2,0,39,0,
2021,dimST358,central,W1_SIL,W1,SIL,5,3,20,N,90,2,7,3.5,3,3.35,5,,,0,0,0,4,,3,dst21,,,,,,0,,,,,0,0,0,100,,,,,,,
2021,dimST359,central,W1_SIL,W1,SIL,5,3,20,N,,,,,,2.62,3,,,0,0,0,1,,8,dst21,,,,,,0,,,,,0,0,0,100,,,,,,,
2021,dimST360,central,W1_SIL,W1,SIL,5,3,20,N,,,,,,3.09,9,,,0,0,0,1,,9,dst21,,,,,,0,,,,,0,0,0,,,,,,,,
2021,dimST361,east,C2_SIL,C2,SIL,1,1,3,L,225,1,8,4.5,9,7.79,11,27,16.48,0.1,2,0.1,1,"extra plant (king) - 20 stalk, dStem dia= ",3,,9,7,0.912,,,22,,10,0,10,0.1,2,0.1,1," in cm, thickness in mm","lngth, width",5,85,23,1.09,
2021,dimST362,east,C2_SIL,C2,SIL,1,1,3,L,,,,,,12.32,7,,,0.1,2,0.5,1,,4,,12,8,0.869,26,18.64,46,,10,10,10,0.5,2,0.1,0.5,,,5,86,35,1.72,
2021,dimST363,east,C2_SIL,C2,SIL,1,1,3,L,,,,,,11.67,12,19,16.32,1,2,2,1,,9,,12.5,8.5,0.791,,,58,,10,0,20,1,2,0.5,2,,,5,71,25,1.16,
2021,dimST364,east,E2_SIL,E2,SIL,1,1,8,L,170,0,9,4.1,8,8.92,24,,,0.1,2,0,6,,2,,12,5.5,0.585,20,14.23,30,,0,0,10,0.5,2,0,0.1,,,5,82,11,0.98,
2021,dimST365,east,E2_SIL,E2,SIL,1,1,8,L,,,,,,6.54,17,16,14.71,0.5,2,0.5,3,,5,,12,5.5,0.463,,,22,ama,0,0,20,2,2,5,2,,,5,59,15,0.65,
2021,dimST366,east,E2_SIL,E2,SIL,1,1,8,L,,,,,,6.81,14,,,0.5,2,0.1,1,,6,,9.5,5.5,0.816,14,12.67,20,,10,0,20,0.5,2,0.1,0.5,,,5,58,12,0.63,
2021,dimST367,east,C3_SIL,C3,SIL,1,2,6,R,185,0,9,4.3,9,10.35,11,25,16.6,0.5,2,0.5,2,,3,,11.5,7.5,0.884,,,24,hcw,10,0,10,0.5,2,1,2,,,5,73,14,1.07,
2021,dimST368,east,C3_SIL,C3,SIL,1,2,6,R,,,,,,9.27,13,,,0.5,2,0.1,3,,5,,13,7.5,0.734,25,14.53,43,hcw,10,10,10,0.1,2,0.5,1,,,5,72,6,0.91,
2021,dimST369,east,C3_SIL,C3,SIL,1,2,6,R,,,,,,7.69,6,,,1,2,0.5,3,,7,,10.5,5.5,0.934,27,14.96,16,,0,0,10,1,2,1,5,,,5,107,6,0.92,
2021,dimST370,east,E3_SIL,E3,SIL,1,2,5,R,160,1,8,5.7,8,7.01,25,,,0.5,2,0,4,,2,,7,5,0.835,19,11.89,27,,10,0,10,0.5,2,0.1,0.5,,,5,40,41,0.51,
2021,dimST371,east,E3_SIL,E3,SIL,1,2,5,R,,,,,,6.83,29,,,0.1,2,0.1,2,,4,,11,4.5,0.816,15,13.79,16,,10,20,20,0.5,2,0.1,1,,,5,56,20,0.71,
2021,dimST372,east,E3_SIL,E3,SIL,1,2,5,R,,,,,,7.05,19,,,0.5,2,0.5,2,,6,,10.5,5.5,0.774,8,11.71,22,,30,0,10,2,2,0.1,20,,,5,36,15,0.46,
2021,dimST373,east,W3_SIL,W3,SIL,1,2,4,R,170,0,9,5.9,7,6.5,6,26,16.4,0,0,0,3,,7,,9.5,7.5,0.711,,,6,,10,20,20,0.5,2,0,60,,,5,47,59,0.8,
2021,dimST374,east,W3_SIL,W3,SIL,1,2,4,R,,,,,,7.94,8,22,12.47,0.1,2,0,1,,8,,10.5,5.5,0.883,,,6,,10,10,10,0,0,0,80,,,5,9,30,0.13,
2021,dimST375,east,W3_SIL,W3,SIL,1,2,4,R,,,,,,5.02,8,16,10.62,0.1,2,0,3,,9,,9,4,0.494,,,4,,10,10,10,0.5,2,0.5,45,,,5,71,41,1.31,
2021,dimST376,east,E4_SIL,E4,SIL,1,3,6,L,170,0,9,5.7,8,5.23,21,14,11.51,0.5,2,1,2,,5,,9.5,4.5,0.741,,,23,,10,0,10,1,2,2,2,,,5,66,14,0.89,
2021,dimST377,east,E4_SIL,E4,SIL,1,3,6,L,,,,,,7.77,24,15,14.16,0.1,2,1,2,,7,,8.5,4,0.916,,,33,,10,0,10,0.5,2,0.5,5,,,5,44,23,0.6,
2021,dimST378,east,E4_SIL,E4,SIL,1,3,6,L,,,,,,4.76,12,,,2,2,5,3,shaded,8,,11.5,3,0.738,,,0,,50,0,5,1,2,5,2,,,3,66,9,0.08,
2021,dimST379,east,W1_SIL,W1,SIL,1,4,7,R,175,0,9,5.9,9,7.89,14,25,17.58,0.01,2,0.1,4,,3,,9.5,5,1.013,,,11,,20,40,10,0.5,2,1,85,,,5,72,33,1.13,
2021,dimST380,east,W1_SIL,W1,SIL,1,4,7,R,,,,,,8.12,13,20,18.86,0.5,2,0.5,2,,4,,10,5,0.854,,,8,,10,20,10,1,2,0.5,25,,,5,66,42,0.97,
2021,dimST381,east,W1_SIL,W1,SIL,1,4,7,R,,,,,,8.07,21,21,15.57,0.1,2,2,2,,8,,11,4,0.839,,,7,ama,10,20,10,0.5,2,1,75,,,4,35,41,0.48,
2021,dimST382,east,C1_SIL,C1,SIL,1,4,5,R,180,1,8,5.9,8,7.14,16,23,15.35,0.1,2,1,1,,5,,9,4,0.704,,,11,,10,30,10,0.5,2,0.5,90,,,3,53,23,0.22,
2021,dimST383,east,C1_SIL,C1,SIL,1,4,5,R,,,,,,6.04,8,28,16.54,1,2,2,4,,8,,8.5,3.5,0.907,,,4,,10,0,0,0.5,2,1,95,,,4,61,33,0.95,
2021,dimST384,east,C1_SIL,C1,SIL,1,4,5,R,,,,,,7.03,20,23,14.2,0.5,2,0.5,6,,9,,8,3.5,0.844,,,6,,10,0,10,0.1,2,0.5,90,,,4,40,67,0.58,
2021,dimST385,east,W4_SIL,W4,SIL,1,4,4,R,185,1,8,6.1,9,7.37,13,31,19.64,0.5,2,0.5,2,,2,,10,4.5,0.754,,,7,hcw,20,10,20,1,2,10,55,,,5,101,97,1.32,
2021,dimST386,east,W4_SIL,W4,SIL,1,4,4,R,,,,,,7.02,6,,,1,2,2,1,,4,,7.5,3,0.682,,18.63,2,ama,10,30,10,1,2,10,65,,,4,68,35,1.03,
2021,dimST387,east,W4_SIL,W4,SIL,1,4,4,R,,,,,,7.18,9,,,1,2,2,1,,6,,11,4.5,0.62,30,,2,ama,10,50,10,0.5,2,15,80,,,2,16,19,0.25,
2021,dimST388,east,E1_SIL,E1,SIL,1,6,4,R,160,0,9,4.1,8,8.26,33,14,12.53,2,2,5,4,,1,,8,5,0.751,,,37,,10,0,10,2,2,15,25,,,,,,,
2021,dimST389,east,E1_SIL,E1,SIL,1,6,4,R,,,,,,6.87,17,,,1,2,5,2,,2,,8,6,0.898,18,17.95,36,,10,0,10,2,2,10,40,,,,,,,
2021,dimST390,east,E1_SIL,E1,SIL,1,6,4,R,,,,,,7.04,18,15,9.6,20,3,10,2,,8,,11,5.5,0.834,,,30,"ama,hcw",0,0,10,10,3,20,5,,,,,,,
2021,dimST391,east,C4_SIL,C4,SIL,1,6,3,R,170,0,9,4.5,7,6.31,13,,,5,2,10,2,,3,,10,6,0.861,22,16.04,14,,10,20,10,5,2,20,5,,,5,52,73,0.6,
2021,dimST392,east,C4_SIL,C4,SIL,1,6,3,R,,,,,,6.93,14,24,13.3,20,2,20,1,,8,,8,5,0.778,,,9,ama,20,0,20,10,3,30,15,,,5,93,20,0.82,
2021,dimST393,east,C4_SIL,C4,SIL,1,6,3,R,,,,,,7.56,11,,,10,2,5,2,,9,,10.5,6,0.892,21,14.5,28,,10,30,10,2,2,5,15,,,5,72,22,0.92,
2021,dimST394,east,W2_SIL,W2,SIL,1,6,1,R,180,0,9,6.1,8,9.31,11,30,18.05,0.1,2,0,1,,1,,12,6.5,0.757,,,12,,10,10,10,0.1,2,0,30,,,5,89,69,1.17,
2021,dimST395,east,W2_SIL,W2,SIL,1,6,1,R,,,,,,12.68,11,30,19.54,0.5,2,0.5,3,,4,,13,7.5,0.852,,,22,,10,20,20,0.5,2,0,65,,,5,28,46,0.58,
2021,dimST396,east,W2_SIL,W2,SIL,1,6,1,R,,,,,,8.72,17,30,14.97,2,2,1,5,,5,,10.5,5,0.697,,,11,,10,0,10,0.5,2,0.5,30,,,5,119,12,1.77,
2021,dimST397,east,C1_SIL,C1,SIL,2,7,8,L,175,0,9,5.9,8,7.76,26,27,16.66,0.5,2,0.1,7,,3,,10,5.5,0.723,,,9,,20,20,20,0.5,2,2,35,,c1 is a western ecotyrpe,5,94,57,1.44,
2021,dimST398,east,C1_SIL,C1,SIL,2,7,8,L,,,,,,9.6,30,33,14.76,0.5,2,0.5,8,,4,,9,4,0.891,,,8,,10,10,10,1,2,2,45,,,5,98,35,1.79,
2021,dimST399,east,C1_SIL,C1,SIL,2,7,8,L,,,,,,5.76,3,26,15.7,0.1,2,0.1,2,,5,,10.5,5,0.576,,,4,,0,0,10,0.1,2,0,45,,,1,28,5,0.41,
2021,dimST400,east,E4_SIL,E4,SIL,2,8,8,R,160,0,9,4.5,7,5.94,15,,,2,2,2,2,,1,,7.5,4,0.814,13,15.09,19,,10,0,10,10,4,1,1,,,,,,,
2021,dimST401,east,E4_SIL,E4,SIL,2,8,8,R,,,,,,5.26,9,14,13.38,5,2,2,3,,7,,9,4,0.956,,,7,,10,0,10,1,2,2,2,,,,,,,
2021,dimST402,east,E4_SIL,E4,SIL,2,8,8,R,,,,,,6,19,15,12.99,1,2,1,2,,9,,11,4.5,0.836,,,25,,10,0,10,0.5,2,0.5,5,,,,,,,
2021,dimST403,east,W2_SIL,W2,SIL,2,8,3,R,170,0,9,7.1,8,7.49,11,27,16.54,0.01,2,0,2,,4,,5.5,4,0.862,,,4,,20,10,10,0.5,2,15,80,,,5,51,74,0.69,
2021,dimST404,east,W2_SIL,W2,SIL,2,8,3,R,,,,,,9.15,11,33,17.74,0.5,2,0.1,6,,6,,10,5,0.943,,,15,,10,0,10,0.5,2,1,50,,,5,69,64,1.44,
2021,dimST405,east,W2_SIL,W2,SIL,2,8,3,R,,,,,,9.47,11,23,12.21,1,2,0.1,1,,7,,13,6.5,0.673,,,6,ama,30,10,10,0.5,2,0.1,45,,,5,55,54,1.09,
2021,dimST406,east,E3_SIL,E3,SIL,2,9,3,L,145,0,9,5.5,7,5.39,34,13,11.72,0.1,2,2,2,,5,,8,3.5,0.823,,,14,,20,10,10,1,2,5,2,,,5,50,17,0.74,
2021,dimST407,east,E3_SIL,E3,SIL,2,9,3,L,,,,,,5.55,20,,,20,3,10,2,,6,,9,4,0.802,14,13.79,13,ama,0,0,10,10,3,20,10,,,5,31,35,0.37,
2021,dimST408,east,E3_SIL,E3,SIL,2,9,3,L,,,,,,5,19,,,40,2,20,,,9,,10.5,3.5,0.673,,,0,ama,,,10,,,,95,,,0,0,0,0,
2021,dimST409,east,W4_SIL,W4,SIL,2,9,4,L,180,0,9,6.7,9,7.86,14,,,0.5,2,0,2,,2,,11.5,5,0.789,40,17.94,8,,20,10,10,1,2,0.5,40,,,5,123,62,2.28,
2021,dimST410,east,W4_SIL,W4,SIL,2,9,4,L,,,,,,7.22,8,,,1,2,1,2,,6,,11,5,0.738,30,,3,ama,10,0,10,1,2,0.5,45,,,0,0,0,0,
2021,dimST411,east,W4_SIL,W4,SIL,2,9,4,L,,,,,,6.43,15,,,0.5,2,0.1,3,aphid,7,,8.5,5,0.771,31,18.26,9,,10,50,20,0.5,2,0.5,55,,,5,94,51,1.56,
2021,dimST412,east,C2_SIL,C2,SIL,2,9,8,L,175,0,9,4.9,9,8.78,15,,,1,2,1,2,,1,,9.5,4.5,0.921,18,15.46,52,,10,30,20,1,2,0.5,2,,,5,84,4,1.05,
2021,dimST413,east,C2_SIL,C2,SIL,2,9,8,L,,,,,,10.13,13,,,2,2,10,2,,4,,10.5,8,0.847,24,19.01,31,hcw,10,30,20,1,2,5,1,,,5,67,36,0.98,
2021,dimST414,east,C2_SIL,C2,SIL,2,9,8,L,,,,,,9.5,13,22,13.74,2,2,1,1,,5,,11.5,5.5,0.811,,,15,ama,10,20,10,0.5,0.5,0.1,1,,,5,76,30,1.05,
2021,dimST415,east,E1_SIL,E1,SIL,2,10,7,R,140,0,9,5.3,7,6.86,28,15,13.62,5,2,5,4,,2,,11,5.5,0.931,,,35,ama,20,0,10,2,2,20,15,,,5,63,12,0.7,
2021,dimST416,east,E1_SIL,E1,SIL,2,10,7,R,,,,,,6.99,16,,,10,3,5,2,,6,,10,5,0.826,14,15.56,23,,10,0,10,2,3,15,10,,,5,76,9,0.95,
2021,dimST417,east,E1_SIL,E1,SIL,2,10,7,R,,,,,,4.31,13,,,50,4,50,,,8,dst21,,,,,,,,,,,,,,,,,5,63,5,0.95,
2021,dimST418,east,W3_SIL,W3,SIL,2,10,3,R,155,0,9,7.1,7,8.55,13,22,15.15,25,2,0.1,2,,4,,11,5.5,0.807,,,16,,10,0,20,1,2,0.5,20,,,5,93,41,2.16,
2021,dimST419,east,W3_SIL,W3,SIL,2,10,3,R,,,,,,3.6,5,,,0.1,2,0.1,4,,6,,9,2.5,0.638,,,0,,,,10,0.5,2,0.1,75,,,0,0,0,0,
2021,dimST420,east,W3_SIL,W3,SIL,2,10,3,R,,,,,,4.95,11,21,14.44,0.1,2,0.1,6,,9,,11,2.5,0.81,,,1,ama,0,0,10,2,2,0.5,25,,,4,50,30,1.03,
2021,dimST421,east,W1_SIL,W1,SIL,2,10,1,R,170,0,9,6.5,9,7.09,6,27,18.64,5,2,1,2,,1,,10,5.5,0.706,,,9,ama,10,0,0,1,2,0.5,75,,,5,82,39,1.35,
2021,dimST422,east,W1_SIL,W1,SIL,2,10,1,R,,,,,,7.25,12,26,17.8,20,4,10,2,,6,,11.5,4,0.506,,,1,,10,0,,5,2,10,95,,,2,57,16,1.11,
2021,dimST423,east,W1_SIL,W1,SIL,2,10,1,R,,,,,,7.9,12,27,17.61,10,2,5,3,,7,,9.5,4.5,0.998,,,7,ama,10,0,20,2,2,10,75,,,5,74,49,1.46,
2021,dimST424,east,C4_SIL,C4,SIL,2,11,3,L,170,0,9,4.9,7,6.99,12,,,15,3,5,3,,4,,9.5,5.5,0.841,15,12.34,18,,10,0,10,5,2,5,10,,,5,97,10,1.41,
2021,dimST425,east,C4_SIL,C4,SIL,2,11,3,L,,,,,,5.52,15,,,1,2,5,2,,5,,8,5,0.789,19,13.26,7,,20,0,10,1,2,25,10,,,5,50,24,0.53,
2021,dimST426,east,C4_SIL,C4,SIL,2,11,3,L,,,,,,9.48,15,18,12.02,1,2,2,1,90perc stem wilt,8,dst21,,,,,,2,,,,,,,,,,,0,0,0,0,
2021,dimST427,east,C3_SIL,C3,SIL,2,11,5,L,195,0,9,3.9,9,7.98,13,,,5,2,2,4,,4,,10.5,7,0.786,17,13.5,18,,20,0,10,1,2,0.5,5,,,5,57,19,1.21,
2021,dimST428,east,C3_SIL,C3,SIL,2,11,5,L,,,,,,9.81,28,,,0.5,2,0,2,,6,,8,7,0.957,19,16.95,39,,20,10,10,0.1,2,0.1,2,,,5,72,21,1.13,
2021,dimST429,east,C3_SIL,C3,SIL,2,11,5,L,,,,,,6.98,15,17,13.52,5,2,2,3,,9,,9,4,0.953,,,22,,10,0,20,1,2,1,2,,,5,76,11,1.19,
2021,dimST430,east,E2_SIL,E2,SIL,2,11,7,L,160,0,9,4.7,8,7.12,21,,,10,3,5,4,,2,,8,3.5,0.934,14,12.55,14,,10,0,10,5,3,1,1,,,5,34,36,0.56,
2021,dimST431,east,E2_SIL,E2,SIL,2,11,7,L,,,,,,5.76,15,,,20,3,15,2,,3,,11,5,0.863,18,12.48,13,,0,0,0,20,3,50,35,,,4,40,20,0.35,
2021,dimST432,east,E2_SIL,E2,SIL,2,11,7,L,,,,,,6.69,35,,,25,4,10,1,,9,,9.5,5.5,0.808,14,11.09,16,ama,10,0,0,15,3,25,15,,,3,68,13,0.67,
2021,dimST433,east,E4_SIL,E4,SIL,3,12,8,R,140,0,9,5.3,7,6.15,17,,,10,3,5,4,,3,,7.5,4,0.835,13,12.48,,ama,10,0,10,5,3,15,20,,,5,45,26,0.53,
2021,dimST434,east,E4_SIL,E4,SIL,3,12,8,R,,,,,,7.47,21,13,13.89,1,2,2,3,,5,,7,4,0.882,,,12,,10,0,0,2,3,2,5,,,5,67,7,1.04,
2021,dimST435,east,E4_SIL,E4,SIL,3,12,8,R,,,,,,4.52,16,18,13.73,10,3,5,5,,9,,7,3,0.822,,,4,ama,10,0,10,5,3,10,10,,,1,13,0,0.15,
2021,dimST436,east,W4_SIL,W4,SIL,3,12,5,R,175,0,9,5.7,9,8,16,30,16.24,0.1,2,0.5,2,,3,,10,4.5,0.759,,,16,,10,0,10,0.5,2,0.1,25,,,5,75,67,1.52,
2021,dimST437,east,W4_SIL,W4,SIL,3,12,5,R,,,,,,9.47,18,32,19.65,0.5,2,2,2,,4,,8.5,4,0.774,,,14,,20,0,10,1,2,2,40,,,5,71,90,1.03,
2021,dimST438,east,W4_SIL,W4,SIL,3,12,5,R,,,,,,7.65,17,,,2,2,1,1,,6,,13,5,0.692,27,16.14,9,,10,10,10,0.5,2,2,35,,,5,67,48,1.27,
2021,dimST439,east,C2_SIL,C2,SIL,3,12,2,R,175,0,9,5.1,9,6.12,12,15,11.46,0.5,2,0,2,,2,,8,5,0.749,,,8,,20,0,10,1,2,1,70,,,,,,,
2021,dimST440,east,C2_SIL,C2,SIL,3,12,2,R,,,,,,6.51,16,15,10.86,1,2,1,2,,6,,11,5.5,0.871,,,13,hcw,10,10,20,1,2,1,20,,,,,,,
2021,dimST441,east,C2_SIL,C2,SIL,3,12,2,R,,,,,,8.42,21,22,15.21,0,0,0,1,aphids,7,,11,8,0.778,,,39,,20,0,30,0,0,0,20,,,,,,,
2021,dimST442,east,C3_SIL,C3,SIL,3,12,1,R,175,0,9,4.7,8,8.91,11,19,14.14,0.5,2,2,3,,3,,8,5,0.809,,,22,,10,0,10,1,2,5,20,,,3,46,13,0.66,
2021,dimST443,east,C3_SIL,C3,SIL,3,12,1,R,,,,,,5.26,5,,,0.5,2,0.5,3,,5,,5.5,4,0.789,15,12.41,15,,10,40,20,1,2,0.5,30,,,6,46,62,0.65,
2021,dimST444,east,C3_SIL,C3,SIL,3,12,1,R,,,,,,8.43,16,,,0.1,2,0.1,5,a,7,,8,4.5,1.031,20,13.64,15,,0,0,10,0.1,2,0.1,35,,,0,0,0,0,
2021,dimST445,east,C1_SIL,C1,SIL,3,13,2,L,170,1,8,6.1,8,8.03,20,26,19.41,2,3,2,8,,2,,9,4.5,0.855,,,11,,20,0,10,1,2,1,15,,,5,69,59,1.24,
2021,dimST446,east,C1_SIL,C1,SIL,3,13,2,L,,,,,,7.11,30,34,18.08,0.5,2,2,7,,4,,8.5,2.5,0.807,,,6,,10,10,20,0.5,2,1,40,,,5,77,68,1.17,
2021,dimST447,east,C1_SIL,C1,SIL,3,13,2,L,,,,,,5.25,13,25,15.47,5,2,2,6,,9,,9,3.5,0.848,,,4,,0,0,10,2,2,10,70,,,5,48,81,0.95,
2021,dimST448,east,W3_SIL,W3,SIL,3,13,4,L,175,0,9,6.9,8,5.9,13,21,14.84,0.5,2,1,7,,1,,9.5,3.5,1.03,,,3,ama,0,0,10,0.1,2,0.1,85,,,1,15,6,0.32,
2021,dimST449,east,W3_SIL,W3,SIL,3,13,4,L,,,,,,9.95,12,24,16.74,0.5,2,0,6,a,7,,9,3.5,0.838,,,7,,10,30,30,2,2,1,35,,,4,106,13,2.14,
2021,dimST450,east,W3_SIL,W3,SIL,3,13,4,L,,,,,,6.96,16,29,17.12,0.5,2,0.1,8,,9,,10,3.5,0.8,,,6,,10,0,10,1,2,0.5,35,,,5,64,32,1.35,
2021,dimST451,east,W2_SIL,W2,SIL,3,15,3,L,170,0,9,6.9,8,7.25,16,31,20.42,0.1,2,0.1,3,,2,,10,4,0.938,,,10,,10,0,10,0.5,2,0.1,10,,,3,37,41,0.71,
2021,dimST452,east,W2_SIL,W2,SIL,3,15,3,L,,,,,,9.27,13,28,16.69,0.5,2,0.1,6,a,3,,10,4,0.554,,,27,,20,30,20,0.5,2,0,10,,,5,113,47,2.49,
2021,dimST453,east,W2_SIL,W2,SIL,3,15,3,L,,,,,,8.15,11,28,14.96,0.5,2,1,6,a,7,,8,4,0.64,,,7,,20,30,20,0.5,2,5,30,,,5,132,39,2.59,
2021,dimST454,east,E3_SIL,E3,SIL,3,15,5,L,145,0,9,4.3,8,7.52,15,,,0.5,2,0.5,1,a,1,,10,4,0.816,14,14.04,39,,0,0,10,0.5,2,2,5,,,5,87,17,1.03,
2021,dimST455,east,E3_SIL,E3,SIL,3,15,5,L,,,,,,8.89,31,13,13.26,0.5,2,0.5,2,,6,,8,4.5,0.853,,,29,,20,0,20,5,2,2,15,,,5,46,20,0.52,
2021,dimST456,east,E3_SIL,E3,SIL,3,15,5,L,,,,,,6.88,20,15,10.9,0.5,2,2,2,10perc stem wilt,8,,8.5,3.5,0.857,,,15,ama,10,0,20,1,2,1,65,,,1,17,0,0.2,
2021,dimST457,east,W1_SIL,W1,SIL,3,16,8,R,165,1,8,6.3,8,7.96,17,29,16.16,0.5,2,0.5,8,,2,,7.5,4.5,0.583,,,13,,20,0,10,1,2,0.1,20,,,5,105,33,2.09,
2021,dimST458,east,W1_SIL,W1,SIL,3,16,8,R,,,,,,7.96,14,23,18.92,0.5,2,0.1,3,,4,,8.5,4.5,0.64,,,13,,10,10,10,0.5,2,0.1,20,,,5,88,26,2.02,
2021,dimST459,east,W1_SIL,W1,SIL,3,16,8,R,,,,,,7.27,12,22,18.01,1,2,2,2,,9,,9,5.5,0.757,,,10,,10,10,0,0.5,2,0.1,15,,,5,93,27,2.13,
2021,dimST460,east,E2_SIL,E2,SIL,3,16,5,R,150,0,9,4.5,8,7.26,11,,,5,3,2,4,,2,,6.5,4,0.791,20,13.09,24,,10,0,10,2,2,0.5,10,,,5,68,25,0.81,
2021,dimST461,east,E2_SIL,E2,SIL,3,16,5,R,,,,,,5.92,18,,,10,2,15,2,,7,,8.5,3.5,0.81,14,13.6,18,,0,0,10,1,2,10,20,,,5,56,11,0.64,
2021,dimST462,east,E2_SIL,E2,SIL,3,16,5,R,,,,,,4.24,17,,,15,3,10,2,,8,,8,3,0.662,14,10.64,3,,10,0,10,5,2,5,15,,,1,3,11,0.01,
2021,dimST463,east,E1_SIL,E1,SIL,3,16,3,R,140,0,9,5.5,7,5.29,14,14,12.56,1,2,2,3,,5,,11,5.5,0.719,,,10,,10,0,10,2,2,1,30,,,5,13,36,0.14,
2021,dimST464,east,E1_SIL,E1,SIL,3,16,3,R,,,,,,5.22,11,14,13.55,15,3,2,2,,6,,12,5.5,0.736,,,6,ama,0,0,10,5,2,10,40,,,5,25,47,0.2,
2021,dimST465,east,E1_SIL,E1,SIL,3,16,3,R,,,,,,9.88,23,,,1,2,2,2,,8,,10,5.5,1.08,15,15.2,15,,10,0,10,0.5,2,0.1,25,,,5,65,27,1.31,
2021,dimST466,east,C4_SIL,C4,SIL,3,16,2,R,160,1,8,5.7,7,5.09,10,,,5,2,2,2,a,1,,6.5,4,0.871,22,15.73,29,hcw,10,30,10,0.1,2,0,10,,,5,69,46,0.84,
2021,dimST467,east,C4_SIL,C4,SIL,3,16,2,R,,,,,,6.39,7,15,14.77,5,3,1,3,,7,,8.5,4,0.893,,,13,,20,0,0,1,2,1,10,,,5,54,33,0.55,
2021,dimST468,east,C4_SIL,C4,SIL,3,16,2,R,,,,,,9.4,10,,,5,2,5,4,,9,,8,4,0.955,21,13.53,19,,10,10,10,1,2,5,5,,,5,90,17,1.25,
2021,dimST469,east,E1_SIL,E1,SIL,4,17,6,L,135,0,9,5.1,7,7.56,18,,,2,2,2,2,,1,,7.5,4,0.815,14,9.35,33,,10,0,10,1,2,1,5,,,5,88,6,1.28,
2021,dimST470,east,E1_SIL,E1,SIL,4,17,6,L,,,,,,8.92,25,,,2,2,1,1,a,8,,9.5,3.5,0.785,15,13.8,15,,0,0,10,2,3,10,25,,,2,33,1,0.57,
2021,dimST471,east,E1_SIL,E1,SIL,4,17,6,L,,,,,,4.38,11,,,30,4,10,2,,9,,10,3.5,0.671,17,10.88,3,,0,0,0,2,3,5,10,,,1,7,6,0.11,
2021,dimST472,east,C4_SIL,C4,SIL,4,17,7,L,185,0,9,5.3,9,6.27,8,19,13.49,2,2,5,2,,3,,8,5,0.801,,,18,,10,20,10,2,3,10,10,,,5,70,36,0.78,
2021,dimST473,east,C4_SIL,C4,SIL,4,17,7,L,,,,,,7.6,19,16,13.04,1,2,2,3,,6,,10,6,0.91,,,39,,10,30,10,1,2,1,45,,,5,24,48,0.31,
2021,dimST474,east,C4_SIL,C4,SIL,4,17,7,L,,,,,,5.92,6,,,5,2,5,5,,7,,6.5,4,0.746,20,14.7,11,ama,10,0,10,1,2,5,2,,,5,75,33,0.8,
2021,dimST475,east,E4_SIL,E4,SIL,4,17,8,L,135,0,9,5.5,6,4.69,4,14,13.04,20,3,1,2,,2,,8.5,3.5,0.937,,,7,,0,0,10,5,3,5,35,,,5,0,57,0,
2021,dimST476,east,E4_SIL,E4,SIL,4,17,8,L,,,,,,5.24,30,14,14.03,10,2,5,1,,5,,8,4,0.839,,,18,,10,0,10,2,3,10,10,,,5,54,10,0.95,
2021,dimST477,east,E4_SIL,E4,SIL,4,17,8,L,,,,,,7,14,15,13.74,20,3,5,4,,7,,7,2.5,1.19,,,11,hcw,10,0,10,1,2,10,5,,,5,32,44,0.41,
2021,dimST478,east,E2_SIL,E2,SIL,4,18,6,R,135,0,9,5.5,6,4.81,20,,,20,3,0.1,1,,2,,9.5,3,1.2,15,11.56,8,ama,10,0,10,2,3,1,5,,,5,78,8,1.29,
2021,dimST479,east,E2_SIL,E2,SIL,4,18,6,R,,,,,,4.77,35,13,10.02,0,0,0,2,,4,,10,3.5,0.738,,,10,,20,0,10,0,0,0,2,,,5,33,25,0.51,
2021,dimST480,east,E2_SIL,E2,SIL,4,18,6,R,,,,,,4.71,12,,,20,2,5,1,,8,,10,3.5,0.937,12,8.92,3,ama,30,10,0,5,3,5,2,,,1,10,3,0.13,
2021,dimST481,east,C2_SIL,C2,SIL,4,18,4,R,170,0,9,3.9,8,8.47,13,,,0,0,0,1,a,1,,9,4.5,0.945,22,17.94,36,,0,50,10,0.5,2,0,5,,,5,83,12,1.25,
2021,dimST482,east,C2_SIL,C2,SIL,4,18,4,R,,,,,,8.27,25,,,0,0,0,2,,2,,7.5,5,0.961,21,16.69,25,hcw,10,20,10,0,0,0,15,,,5,92,11,1.64,
2021,dimST483,east,C2_SIL,C2,SIL,4,18,4,R,,,,,,5.16,24,,,0,0,0,1,a,5,,9.5,5,0.726,18,14.71,6,hcw,10,20,10,0,0,0,10,,,5,54,31,0.87,
2021,dimST484,east,W2_SIL,W2,SIL,4,18,2,R,120,0,9,6.1,5,5.85,10,28,13.43,1,2,2,7,,6,,11,4.5,0.858,,,1,ama,20,0,10,1,2,0.1,55,,,2,66,12,1.09,
2021,dimST485,east,W2_SIL,W2,SIL,4,18,2,R,,,,,,4.95,6,27,15.15,2,2,5,8,,7,,12,4.5,0.87,,,4,ama,20,20,10,0.5,2,0,75,,,5,50,80,1.08,
2021,dimST486,east,W2_SIL,W2,SIL,4,18,2,R,,,,,,6.07,10,34,19.52,0.01,2,0.1,1,,9,,9,4,0.708,,,8,hcw,10,10,0,0.5,2,0.1,65,,,5,120,23,2.79,
2021,dimST487,east,W3_SIL,W3,SIL,4,19,7,L,150,0,9,6.3,7,5.74,22,30,16.65,0.01,2,0,8,,2,,8,3.5,0.881,,,6,ama,10,0,20,0.05,2,0,5,,,5,113,22,2.78,
2021,dimST488,east,W3_SIL,W3,SIL,4,19,7,L,,,,,,5.7,12,25,14.48,0.5,2,0,5,,3,,9.5,4,0.888,,,3,ama,10,0,10,0.5,2,0,20,,,5,70,38,1.25,
2021,dimST489,east,W3_SIL,W3,SIL,4,19,7,L,,,,,,7.18,14,21,16.68,0,0,0,2,a,8,,10,3.5,0.827,,,5,ama,10,10,10,0,0,0,75,,,5,67,29,1.83,
2021,dimST490,east,E3_SIL,E3,SIL,4,20,8,R,130,0,9,5.9,7,4.16,31,12,13.32,10,3,0,5,,3,,7.5,3,0.728,,,6,ama,20,0,10,5,3,5,20,,,5,47,22,0.51,
2021,dimST491,east,E3_SIL,E3,SIL,4,20,8,R,,,,,,5.88,16,11,12.92,2,3,2,2,,7,,9,4.5,0.85,,,18,ama,20,0,10,2,2,1,5,,,5,60,10,0.8,
2021,dimST492,east,E3_SIL,E3,SIL,4,20,8,R,,,,,,5.38,26,11,9.64,1,2,0.5,8,,9,,7.5,3.5,0.791,,,26,,20,0,0,0.5,2,2,2,,,5,57,7,0.76,
2021,dimST493,east,W4_SIL,W4,SIL,4,20,4,R,155,0,9,5.1,6,4.84,3,,,0,0,0,0,aa,1,,10,4,0.649,32,13.3,1,ama,0,0,10,0,0,0,55,,,1,23,9,0.39,
2021,dimST494,east,W4_SIL,W4,SIL,4,20,4,R,,,,,,6.49,6,31,19.69,0.1,2,0.1,0,a,5,,10.5,3.5,0.538,,,11,,10,20,10,1,2,0.5,15,,,5,131,48,2.74,
2021,dimST495,east,W4_SIL,W4,SIL,4,20,4,R,,,,,,7.02,6,,,0.1,2,0,6,a,6,,12,5.5,0.784,31,16.63,4,"ama,hcw",10,10,10,0.5,2,0.1,20,,,5,122,30,2.43,
2021,dimST496,east,C1_SIL,C1,SIL,4,21,6,L,150,1,8,6.3,7,6.45,14,16,11.41,2,2,5,6,,5,,10,4.5,0.916,,,6,,20,20,10,1,2,0.1,5,,,5,87,25,1.87,
2021,dimST497,east,C1_SIL,C1,SIL,4,21,6,L,,,,,,6.89,21,24,17.55,2,2,10,6,,7,,8.5,4,0.903,,,14,ama,10,30,10,0.5,2,20,25,,,5,49,83,1.81,
2021,dimST498,east,C1_SIL,C1,SIL,4,21,6,L,,,,,,5.16,13,32,16.71,2,2,2,6,,8,,9.5,3,0.833,,,3,ama,20,0,10,1,2,5,5,,,5,91,39,1.64,
2021,dimST499,east,W1_SIL,W1,SIL,4,22,8,R,165,0,9,5.9,8,7.36,8,25,13.25,1,2,1,8,"a, bulbbousnbranvhing",1,,8,4,0.968,,,13,,10,10,20,0.5,2,1,20,,,5,39,79,0.77,
2021,dimST500,east,W1_SIL,W1,SIL,4,22,8,R,,,,,,8.18,11,27,18.05,0.5,2,1,8,a,4,,11.5,4.5,0.832,,,9,"amma,hcw",10,10,10,0.5,2,2,15,,,5,90,26,2.11,
2021,dimST501,east,W1_SIL,W1,SIL,4,22,8,R,,,,,,6.26,12,28,20.1,2,2,2,3,a,9,,12,4.5,0.748,,,5,,10,0,10,1,2,3,25,,,5,74,54,1.89,
2021,dimST502,east,C3_SIL,C3,SIL,4,22,6,R,165,0,9,3.7,8,7.71,10,,,1,2,2,3,,1,,6.5,4,0.95,17,15.15,23,hcw,0,20,10,0.5,2,0,10,,,,,,,
2021,dimST503,east,C3_SIL,C3,SIL,4,22,6,R,,,,,,7.37,11,,,0,0,0,3,,2,,9.5,4.5,0.92,25,14.93,12,hcw,10,10,20,0,0,0,10,,,,,,,
2021,dimST504,east,C3_SIL,C3,SIL,4,22,6,R,,,,,,7.22,12,,,2,2,5,5,a,4,,11.5,6,0.876,18,16.85,14,,0,30,10,2,2,10,5,,,,,,,
2021,dimST505,east,E4_SIL,E4,SIL,5,23,3,L,125,0,9,4.1,6,7.6,6,20,12.33,0.1,2,0.1,5,a,1,,8.5,3,0.827,,,10,,30,0,20,1,2,0.1,2,,,5,69,21,0.98,
2021,dimST506,east,E4_SIL,E4,SIL,5,23,3,L,,,,,,6.08,21,,,2,2,1,3,,3,,8,4,1.042,16,14.93,15,,10,10,10,0.5,2,0.1,5,,,5,65,19,0.89,
2021,dimST507,east,E4_SIL,E4,SIL,5,23,3,L,,,,,,5.43,10,15,10.78,35,4,20,6,,9,,8.5,3,0.976,,,6,,,,30,1,3,1,30,,,5,49,10,0.58,
2021,dimST508,east,W1_SIL,W1,SIL,5,23,4,L,145,0,9,6.1,7,6.51,12,25,20.51,0.5,2,0.1,5,,4,,10,4.5,0.864,,,8,,10,20,10,0.5,2,0.5,20,,,5,74,43,1.36,
2021,dimST509,east,W1_SIL,W1,SIL,5,23,4,L,,,,,,4.96,13,30,18.39,0.5,2,0.1,1,,6,,12,4,0.684,,,2,,10,10,0,0.5,2,2,20,,,5,99,28,3.07,
2021,dimST510,east,W1_SIL,W1,SIL,5,23,4,L,,,,,,6.15,8,,,0.5,2,0.1,2,a,7,,11,4.5,0.776,28,,7,,20,0,20,1,2,1,35,,,5,70,49,1.57,
2021,dimST511,east,E1_SIL,E1,SIL,5,23,6,L,125,1,8,5.3,7,5.97,20,,,20,4,20,3,,1,,12,4,0.676,13,7.7,26,,20,0,10,2,3,1,2,,,5,46,26,0.71,
2021,dimST512,east,E1_SIL,E1,SIL,5,23,6,L,,,,,,5.76,18,16,13.76,1,2,2,4,,3,,10.5,4.5,0.765,,,13,ama,10,0,10,0.5,2,1,5,,,5,65,9,0.76,
2021,dimST513,east,E1_SIL,E1,SIL,5,23,6,L,,,,,,4.9,7,,,10,2,10,1,,5,,9,4,0.773,16,13.38,12,,0,0,10,2,3,1,15,,,5,75,6,1.03,
2021,dimST514,east,W3_SIL,W3,SIL,5,24,3,R,140,0,9,5.7,6,4.89,18,29,13.78,0.1,2,0,8,,2,,10,3,0.715,,,2,ama,10,0,10,0.5,2,0.5,25,,,5,126,8,4.68,
2021,dimST515,east,W3_SIL,W3,SIL,5,24,3,R,,,,,,5.61,4,29,18.88,0.5,2,0.1,1,,4,,8,4,0.649,,,5,ama,10,0,20,0.5,2,0.5,15,,,5,131,20,2.69,
2021,dimST516,east,W3_SIL,W3,SIL,5,24,3,R,,,,,,5.13,7,24,14.73,0.1,2,0.1,2,bronzing of 25,6,,8.5,3,0.797,,,1,ama,0,0,10,0,0,0,85,,,1,11,8,0.22,
2021,dimST517,east,W4_SIL,W4,SIL,5,24,2,R,125,0,9,4.1,5,7.2,10,34,22.3,0.5,2,0.1,2,,2,,8.5,3.5,0.592,,,4,"ama,hcw",0,50,10,0.5,2,0.1,35,,,5,145,18,3.34,
2021,dimST518,east,W4_SIL,W4,SIL,5,24,2,R,,,,,,4.65,7,25,17.21,0.1,2,0,3,,6,,9,4,1.036,,,4,ama,0,0,10,0,0,0,10,,,5,91,15,2.49,
2021,dimST519,east,W4_SIL,W4,SIL,5,24,2,R,,,,,,5.56,9,,,0.5,2,0,6,,7,,8.5,3,0.8,22,17.84,3,,0,20,10,1,2,0.5,55,,,5,82,41,1.91,
2021,dimST520,east,C3_SIL,C3,SIL,5,25,1,L,145,0,9,4.1,7,5.9,15,,,0.5,2,5,2,,3,,6,3.5,0.919,16,14.59,21,,0,50,10,0.5,2,5,2,,,5,42,40,0.71,
2021,dimST521,east,C3_SIL,C3,SIL,5,25,1,L,,,,,,4.69,8,,,0.5,2,0.5,3,,8,,7.5,3.5,0.899,17,15.63,11,"ama,hcw",0,0,10,0.5,2,0.5,40,,,5,65,27,0.78,
2021,dimST522,east,C3_SIL,C3,SIL,5,25,1,L,,,,,,6.97,10,,,0,0,0,3,,9,,6,3.5,0.804,15,12.82,9,,0,40,0,0.1,2,0,5,,,5,95,13,1.76,
2021,dimST523,east,W2_SIL,W2,SIL,5,25,4,L,155,0,9,6.9,7,5.32,14,,,0.5,2,0.1,2,,1,,11,5,0.65,22,13.61,4,ama,10,30,10,0.1,2,0,35,,,5,67,31,1.27,
2021,dimST524,east,W2_SIL,W2,SIL,5,25,4,L,,,,,,4.72,7,19,11.6,0.1,2,0.1,1,,4,,9.5,4.5,0.696,,,2,ama,0,10,10,0,0,0,20,,,0,0,0,0,
2021,dimST525,east,W2_SIL,W2,SIL,5,25,4,L,,,,,,5.18,6,14,13.61,0,0,0,6,,9,,11,4.5,0.945,,,1,,0,0,10,0,0,0,30,,,5,79,26,1.75,
2021,dimST526,east,E2_SIL,E2,SIL,5,25,6,L,145,0,9,5.1,7,6.86,13,,,2,2,1,1,,1,,10,5,0.75,16,10.55,26,,0,0,10,1,2,0.5,5,,,5,72,7,0.82,
2021,dimST527,east,E2_SIL,E2,SIL,5,25,6,L,,,,,,4.85,18,,,0.1,2,0.1,2,,2,,9.5,4,0.859,15,11.17,22,,0,0,0,0.5,2,0.1,5,,,5,95,5,1.53,
2021,dimST528,east,E2_SIL,E2,SIL,5,25,6,L,,,,,,5.7,31,13,11.38,0.5,2,0,1,,4,,9.5,4,0.658,,,17,,10,0,20,0,0,0,5,,,5,67,3,0.85,
2021,dimST529,east,C4_SIL,C4,SIL,5,26,8,R,130,0,9,5.3,6,5.02,16,14,10.53,2,2,10,1,,5,,11,5.5,0.821,,,9,ama,20,0,20,2,2,10,15,,,5,59,19,0.75,
2021,dimST530,east,C4_SIL,C4,SIL,5,26,8,R,,,,,,6.15,8,,,10,3,25,3,,7,,9,4.5,0.83,,,4,,50,0,10,1,2,20,45,,,5,21,50,0.18,
2021,dimST531,east,C4_SIL,C4,SIL,5,26,8,R,,,,,,6.57,12,,,5,2,15,2,,9,,8.5,4.5,0.904,21,14.75,11,,10,0,10,2,2,10,5,,,5,97,10,1.33,
2021,dimST532,east,E3_SIL,E3,SIL,5,26,7,R,120,0,9,4.3,6,5.61,17,,,0.5,2,0.1,2,,3,,7.5,3,0.774,13,12.56,18,,20,0,10,0.5,2,0,2,,,5,60,3,0.78,
2021,dimST533,east,E3_SIL,E3,SIL,5,26,7,R,,,,,,4.45,18,,,10,2,5,1,,8,,9,3.5,0.757,31,9.64,8,ama,10,0,10,1,2,5,15,,,5,63,7,0.46,
2021,dimST534,east,E3_SIL,E3,SIL,5,26,7,R,,,,,,5.3,30,13,9.65,1,2,0,8,,9,,8.5,2.5,0.877,,,19,,10,0,10,1,2,0.5,5,,,5,64,4,0.78,
2021,dimST535,east,C2_SIL,C2,SIL,5,26,3,R,165,0,9,3.9,8,7.48,14,,,0,0,0,2,,2,,12,6,0.988,18,14.24,23,hcw,10,10,10,0,0,0,10,,,5,60,26,0.86,
2021,dimST536,east,C2_SIL,C2,SIL,5,26,3,R,,,,,,6.35,14,,,0,0,0,1,,4,,7.5,4,1.036,25,17.19,10,,0,0,10,0,0,0,5,,,5,113,18,1.67,
2021,dimST537,east,C2_SIL,C2,SIL,5,26,3,R,,,,,,6.16,13,,,0.01,2,0,1,,7,,8,4.5,0.826,19,13.77,8,hcw,10,0,10,0,0,0,10,,,5,72,27,0.87,
2021,dimST538,east,C1_SIL,C1,SIL,5,27,7,L,145,0,9,6.9,8,4.86,2,,,2,2,5,2,,1,dst21,,,,,,,,,,,,,,,,,0,0,0,0,
2021,dimST539,east,C1_SIL,C1,SIL,5,27,7,L,,,,,,6.51,16,33,18.02,1,2,2,1,,2,,10,4,0.87,,,5,,0,30,20,1,2,0.5,20,,,5,120,42,1.98,
2021,dimST540,east,C1_SIL,C1,SIL,5,27,7,L,,,,,,5.99,24,34,16.32,5,2,10,3,,9,,10.5,4.5,0.92,,,6,ama,10,10,10,0.5,2,30,20,,,5,78,34,1.28,